Id,Prediction
1,90
2,90
3,90
4,90
5,90
6,90
7,90
8,90
9,90
10,90
11,90
12,90
13,90
14,90
15,90
16,90
17,90
18,90
19,90
20,90
21,90
22,90
23,90
24,90
25,90
26,90
27,90
28,90
29,90
30,90
31,90
32,90
33,90
34,90
35,90
36,90
37,90
38,90
39,90
40,90
41,90
42,90
43,90
44,90
45,90
46,90
47,90
48,90
49,90
50,90
51,90
52,90
53,90
54,90
55,90
56,90
57,90
58,90
59,90
60,90
61,90
62,90
63,90
64,90
65,84
66,84
67,84
68,84
69,84
70,84
71,84
72,84
73,84
74,84
75,84
76,84
77,84
78,84
79,84
80,84
81,84
82,84
83,84
84,84
85,84
86,84
87,84
88,84
89,84
90,84
91,84
92,84
93,84
94,84
95,84
96,84
97,84
98,84
99,84
100,84
101,84
102,84
103,84
104,84
105,84
106,84
107,84
108,84
109,84
110,84
111,84
112,84
113,84
114,84
115,84
116,84
117,84
118,84
119,84
120,84
121,84
122,84
123,84
124,84
125,84
126,84
127,84
128,84
129,4
130,4
131,4
132,4
133,4
134,4
135,4
136,4
137,4
138,4
139,4
140,4
141,4
142,4
143,4
144,4
145,4
146,4
147,4
148,4
149,4
150,4
151,4
152,4
153,4
154,4
155,4
156,4
157,4
158,4
159,4
160,4
161,4
162,4
163,4
164,4
165,4
166,4
167,4
168,4
169,4
170,4
171,4
172,4
173,4
174,4
175,4
176,4
177,4
178,4
179,4
180,4
181,4
182,4
183,4
184,4
185,4
186,4
187,4
188,4
189,4
190,4
191,4
192,4
193,2
194,2
195,2
196,2
197,2
198,2
199,2
200,2
201,2
202,2
203,2
204,2
205,2
206,2
207,2
208,2
209,2
210,2
211,2
212,2
213,2
214,2
215,2
216,2
217,2
218,2
219,2
220,2
221,2
222,2
223,2
224,2
225,2
226,2
227,2
228,2
229,2
230,2
231,2
232,2
233,2
234,2
235,2
236,2
237,2
238,2
239,2
240,2
241,2
242,2
243,2
244,2
245,2
246,2
247,2
248,2
249,2
250,2
251,2
252,2
253,2
254,2
255,2
256,2
257,114
258,114
259,114
260,114
261,114
262,114
263,114
264,114
265,114
266,114
267,114
268,114
269,114
270,114
271,114
272,114
273,114
274,114
275,114
276,114
277,114
278,114
279,114
280,114
281,114
282,114
283,114
284,114
285,114
286,114
287,114
288,114
289,114
290,114
291,114
292,114
293,114
294,114
295,114
296,114
297,114
298,114
299,114
300,114
301,114
302,114
303,114
304,114
305,114
306,114
307,114
308,114
309,114
310,114
311,114
312,114
313,114
314,114
315,114
316,114
317,114
318,114
319,114
320,114
321,18
322,18
323,18
324,18
325,18
326,18
327,18
328,18
329,18
330,18
331,18
332,18
333,18
334,18
335,18
336,18
337,18
338,18
339,18
340,18
341,18
342,18
343,18
344,18
345,18
346,18
347,18
348,18
349,18
350,18
351,18
352,18
353,18
354,18
355,18
356,18
357,18
358,18
359,18
360,18
361,18
362,18
363,18
364,18
365,18
366,18
367,18
368,18
369,18
370,18
371,18
372,18
373,18
374,18
375,18
376,18
377,18
378,18
379,18
380,18
381,18
382,18
383,18
384,18
385,48
386,48
387,48
388,48
389,48
390,48
391,48
392,48
393,48
394,48
395,48
396,48
397,48
398,48
399,48
400,48
401,48
402,48
403,48
404,48
405,48
406,48
407,48
408,48
409,48
410,48
411,48
412,48
413,48
414,48
415,48
416,48
417,48
418,48
419,48
420,48
421,48
422,48
423,48
424,48
425,48
426,48
427,48
428,48
429,48
430,48
431,48
432,48
433,48
434,48
435,48
436,48
437,48
438,48
439,48
440,48
441,48
442,48
443,48
444,48
445,48
446,48
447,48
448,48
449,20
450,20
451,20
452,20
453,20
454,20
455,20
456,20
457,20
458,20
459,20
460,20
461,20
462,20
463,20
464,20
465,20
466,20
467,20
468,20
469,20
470,20
471,20
472,20
473,20
474,20
475,20
476,20
477,20
478,20
479,20
480,20
481,20
482,20
483,20
484,20
485,20
486,20
487,20
488,20
489,20
490,20
491,20
492,20
493,20
494,20
495,20
496,20
497,20
498,20
499,20
500,20
501,20
502,20
503,20
504,20
505,20
506,20
507,20
508,20
509,20
510,20
511,20
512,20
513,116
514,116
515,116
516,116
517,116
518,116
519,116
520,116
521,116
522,116
523,116
524,116
525,116
526,116
527,116
528,116
529,116
530,116
531,116
532,116
533,116
534,116
535,116
536,116
537,116
538,116
539,116
540,116
541,116
542,116
543,116
544,116
545,116
546,116
547,116
548,116
549,116
550,116
551,116
552,116
553,116
554,116
555,116
556,116
557,116
558,116
559,116
560,116
561,116
562,116
563,116
564,116
565,116
566,116
567,116
568,116
569,116
570,116
571,116
572,116
573,116
574,116
575,116
576,116
577,40
578,40
579,40
580,40
581,40
582,40
583,40
584,40
585,40
586,40
587,40
588,40
589,40
590,40
591,40
592,40
593,40
594,40
595,40
596,40
597,40
598,40
599,40
600,40
601,40
602,40
603,40
604,40
605,40
606,40
607,40
608,40
609,40
610,40
611,40
612,40
613,40
614,40
615,40
616,40
617,40
618,40
619,40
620,40
621,40
622,40
623,40
624,40
625,40
626,40
627,40
628,40
629,40
630,40
631,40
632,40
633,40
634,40
635,40
636,40
637,40
638,40
639,40
640,40
641,56
642,56
643,56
644,56
645,56
646,56
647,56
648,56
649,56
650,56
651,56
652,56
653,56
654,56
655,56
656,56
657,56
658,56
659,56
660,56
661,56
662,56
663,56
664,56
665,56
666,56
667,56
668,56
669,56
670,56
671,56
672,56
673,56
674,56
675,56
676,56
677,56
678,56
679,56
680,56
681,56
682,56
683,56
684,56
685,56
686,56
687,56
688,56
689,56
690,56
691,56
692,56
693,56
694,56
695,56
696,56
697,56
698,56
699,56
700,56
701,56
702,56
703,56
704,56
705,76
706,76
707,76
708,76
709,76
710,76
711,76
712,76
713,76
714,76
715,76
716,76
717,76
718,76
719,76
720,76
721,76
722,76
723,76
724,76
725,76
726,76
727,76
728,76
729,76
730,76
731,76
732,76
733,76
734,76
735,76
736,76
737,76
738,76
739,76
740,76
741,76
742,76
743,76
744,76
745,76
746,76
747,76
748,76
749,76
750,76
751,76
752,76
753,76
754,76
755,76
756,76
757,76
758,76
759,76
760,76
761,76
762,76
763,76
764,76
765,76
766,76
767,76
768,76
769,74
770,74
771,74
772,74
773,74
774,74
775,74
776,74
777,74
778,74
779,74
780,74
781,74
782,74
783,74
784,74
785,74
786,74
787,74
788,74
789,74
790,74
791,74
792,74
793,74
794,74
795,74
796,74
797,74
798,74
799,74
800,74
801,74
802,74
803,74
804,74
805,74
806,74
807,74
808,74
809,74
810,74
811,74
812,74
813,74
814,74
815,74
816,74
817,74
818,74
819,74
820,74
821,74
822,74
823,74
824,74
825,74
826,74
827,74
828,74
829,74
830,74
831,74
832,74
833,92
834,92
835,92
836,92
837,92
838,92
839,92
840,92
841,92
842,92
843,92
844,92
845,92
846,92
847,92
848,92
849,92
850,92
851,92
852,92
853,92
854,92
855,92
856,92
857,92
858,92
859,92
860,92
861,92
862,92
863,92
864,92
865,92
866,92
867,92
868,92
869,92
870,92
871,92
872,92
873,92
874,92
875,92
876,92
877,92
878,92
879,92
880,92
881,92
882,92
883,92
884,92
885,92
886,92
887,92
888,92
889,92
890,92
891,92
892,92
893,92
894,92
895,92
896,92
897,60
898,60
899,60
900,60
901,60
902,60
903,60
904,60
905,60
906,60
907,60
908,60
909,60
910,60
911,60
912,60
913,60
914,60
915,60
916,60
917,60
918,60
919,60
920,60
921,60
922,60
923,60
924,60
925,60
926,60
927,60
928,60
929,60
930,60
931,60
932,60
933,60
934,60
935,60
936,60
937,60
938,60
939,60
940,60
941,60
942,60
943,60
944,60
945,60
946,60
947,60
948,60
949,60
950,60
951,60
952,60
953,60
954,60
955,60
956,60
957,60
958,60
959,60
960,60
961,24
962,24
963,24
964,24
965,24
966,24
967,24
968,24
969,24
970,24
971,24
972,24
973,24
974,24
975,24
976,24
977,24
978,24
979,24
980,24
981,24
982,24
983,24
984,24
985,24
986,24
987,24
988,24
989,24
990,24
991,24
992,24
993,24
994,24
995,24
996,24
997,24
998,24
999,24
1000,24
1001,24
1002,24
1003,24
1004,24
1005,24
1006,24
1007,24
1008,24
1009,24
1010,24
1011,24
1012,24
1013,24
1014,24
1015,24
1016,24
1017,24
1018,24
1019,24
1020,24
1021,24
1022,24
1023,24
1024,24
1025,122
1026,122
1027,122
1028,122
1029,122
1030,122
1031,122
1032,122
1033,122
1034,122
1035,122
1036,122
1037,122
1038,122
1039,122
1040,122
1041,122
1042,122
1043,122
1044,122
1045,122
1046,122
1047,122
1048,122
1049,122
1050,122
1051,122
1052,122
1053,122
1054,122
1055,122
1056,122
1057,122
1058,122
1059,122
1060,122
1061,122
1062,122
1063,122
1064,122
1065,122
1066,122
1067,122
1068,122
1069,122
1070,122
1071,122
1072,122
1073,122
1074,122
1075,122
1076,122
1077,122
1078,122
1079,122
1080,122
1081,122
1082,122
1083,122
1084,122
1085,122
1086,122
1087,122
1088,122
1089,118
1090,118
1091,118
1092,118
1093,118
1094,118
1095,118
1096,118
1097,118
1098,118
1099,118
1100,118
1101,118
1102,118
1103,118
1104,118
1105,118
1106,118
1107,118
1108,118
1109,118
1110,118
1111,118
1112,118
1113,118
1114,118
1115,118
1116,118
1117,118
1118,118
1119,118
1120,118
1121,118
1122,118
1123,118
1124,118
1125,118
1126,118
1127,118
1128,118
1129,118
1130,118
1131,118
1132,118
1133,118
1134,118
1135,118
1136,118
1137,118
1138,118
1139,118
1140,118
1141,118
1142,118
1143,118
1144,118
1145,118
1146,118
1147,118
1148,118
1149,118
1150,118
1151,118
1152,118
1153,22
1154,22
1155,22
1156,22
1157,22
1158,22
1159,22
1160,22
1161,22
1162,22
1163,22
1164,22
1165,22
1166,22
1167,22
1168,22
1169,22
1170,22
1171,22
1172,22
1173,22
1174,22
1175,22
1176,22
1177,22
1178,22
1179,22
1180,22
1181,22
1182,22
1183,22
1184,22
1185,22
1186,22
1187,22
1188,22
1189,22
1190,22
1191,22
1192,22
1193,22
1194,22
1195,22
1196,22
1197,22
1198,22
1199,22
1200,22
1201,22
1202,22
1203,22
1204,22
1205,22
1206,22
1207,22
1208,22
1209,22
1210,22
1211,22
1212,22
1213,22
1214,22
1215,22
1216,22
1217,124
1218,124
1219,124
1220,124
1221,124
1222,124
1223,124
1224,124
1225,124
1226,124
1227,124
1228,124
1229,124
1230,124
1231,124
1232,124
1233,124
1234,124
1235,124
1236,124
1237,124
1238,124
1239,124
1240,124
1241,124
1242,124
1243,124
1244,124
1245,124
1246,124
1247,124
1248,124
1249,124
1250,124
1251,124
1252,124
1253,124
1254,124
1255,124
1256,124
1257,124
1258,124
1259,124
1260,124
1261,124
1262,124
1263,124
1264,124
1265,124
1266,124
1267,124
1268,124
1269,124
1270,124
1271,124
1272,124
1273,124
1274,124
1275,124
1276,124
1277,124
1278,124
1279,124
1280,124
1281,10
1282,10
1283,10
1284,10
1285,10
1286,10
1287,10
1288,10
1289,10
1290,10
1291,10
1292,10
1293,10
1294,10
1295,10
1296,10
1297,10
1298,10
1299,10
1300,10
1301,10
1302,10
1303,10
1304,10
1305,10
1306,10
1307,10
1308,10
1309,10
1310,10
1311,10
1312,10
1313,10
1314,10
1315,10
1316,10
1317,10
1318,10
1319,10
1320,10
1321,10
1322,10
1323,10
1324,10
1325,10
1326,10
1327,10
1328,10
1329,10
1330,10
1331,10
1332,10
1333,10
1334,10
1335,10
1336,10
1337,10
1338,10
1339,10
1340,10
1341,10
1342,10
1343,10
1344,10
1345,14
1346,14
1347,14
1348,14
1349,14
1350,14
1351,14
1352,14
1353,14
1354,14
1355,14
1356,14
1357,14
1358,14
1359,14
1360,14
1361,14
1362,14
1363,14
1364,14
1365,14
1366,14
1367,14
1368,14
1369,14
1370,14
1371,14
1372,14
1373,14
1374,14
1375,14
1376,14
1377,14
1378,14
1379,14
1380,14
1381,14
1382,14
1383,14
1384,14
1385,14
1386,14
1387,14
1388,14
1389,14
1390,14
1391,14
1392,14
1393,14
1394,14
1395,14
1396,14
1397,14
1398,14
1399,14
1400,14
1401,14
1402,14
1403,14
1404,14
1405,14
1406,14
1407,14
1408,14
1409,118
1410,118
1411,118
1412,118
1413,118
1414,118
1415,118
1416,118
1417,118
1418,118
1419,118
1420,118
1421,118
1422,118
1423,118
1424,118
1425,118
1426,118
1427,118
1428,118
1429,118
1430,118
1431,118
1432,118
1433,118
1434,118
1435,118
1436,118
1437,118
1438,118
1439,118
1440,118
1441,118
1442,118
1443,118
1444,118
1445,118
1446,118
1447,118
1448,118
1449,118
1450,118
1451,118
1452,118
1453,118
1454,118
1455,118
1456,118
1457,118
1458,118
1459,118
1460,118
1461,118
1462,118
1463,118
1464,118
1465,118
1466,118
1467,118
1468,118
1469,118
1470,118
1471,118
1472,118
1473,112
1474,112
1475,112
1476,112
1477,112
1478,112
1479,112
1480,112
1481,112
1482,112
1483,112
1484,112
1485,112
1486,112
1487,112
1488,112
1489,112
1490,112
1491,112
1492,112
1493,112
1494,112
1495,112
1496,112
1497,112
1498,112
1499,112
1500,112
1501,112
1502,112
1503,112
1504,112
1505,112
1506,112
1507,112
1508,112
1509,112
1510,112
1511,112
1512,112
1513,112
1514,112
1515,112
1516,112
1517,112
1518,112
1519,112
1520,112
1521,112
1522,112
1523,112
1524,112
1525,112
1526,112
1527,112
1528,112
1529,112
1530,112
1531,112
1532,112
1533,112
1534,112
1535,112
1536,112
1537,10
1538,10
1539,10
1540,10
1541,10
1542,10
1543,10
1544,10
1545,10
1546,10
1547,10
1548,10
1549,10
1550,10
1551,10
1552,10
1553,10
1554,10
1555,10
1556,10
1557,10
1558,10
1559,10
1560,10
1561,10
1562,10
1563,10
1564,10
1565,10
1566,10
1567,10
1568,10
1569,10
1570,10
1571,10
1572,10
1573,10
1574,10
1575,10
1576,10
1577,10
1578,10
1579,10
1580,10
1581,10
1582,10
1583,10
1584,10
1585,10
1586,10
1587,10
1588,10
1589,10
1590,10
1591,10
1592,10
1593,10
1594,10
1595,10
1596,10
1597,10
1598,10
1599,10
1600,10
1601,32
1602,32
1603,32
1604,32
1605,32
1606,32
1607,32
1608,32
1609,32
1610,32
1611,32
1612,32
1613,32
1614,32
1615,32
1616,32
1617,32
1618,32
1619,32
1620,32
1621,32
1622,32
1623,32
1624,32
1625,32
1626,32
1627,32
1628,32
1629,32
1630,32
1631,32
1632,32
1633,32
1634,32
1635,32
1636,32
1637,32
1638,32
1639,32
1640,32
1641,32
1642,32
1643,32
1644,32
1645,32
1646,32
1647,32
1648,32
1649,32
1650,32
1651,32
1652,32
1653,32
1654,32
1655,32
1656,32
1657,32
1658,32
1659,32
1660,32
1661,32
1662,32
1663,32
1664,32
1665,108
1666,108
1667,108
1668,108
1669,108
1670,108
1671,108
1672,108
1673,108
1674,108
1675,108
1676,108
1677,108
1678,108
1679,108
1680,108
1681,108
1682,108
1683,108
1684,108
1685,108
1686,108
1687,108
1688,108
1689,108
1690,108
1691,108
1692,108
1693,108
1694,108
1695,108
1696,108
1697,108
1698,108
1699,108
1700,108
1701,108
1702,108
1703,108
1704,108
1705,108
1706,108
1707,108
1708,108
1709,108
1710,108
1711,108
1712,108
1713,108
1714,108
1715,108
1716,108
1717,108
1718,108
1719,108
1720,108
1721,108
1722,108
1723,108
1724,108
1725,108
1726,108
1727,108
1728,108
1729,30
1730,30
1731,30
1732,30
1733,30
1734,30
1735,30
1736,30
1737,30
1738,30
1739,30
1740,30
1741,30
1742,30
1743,30
1744,30
1745,30
1746,30
1747,30
1748,30
1749,30
1750,30
1751,30
1752,30
1753,30
1754,30
1755,30
1756,30
1757,30
1758,30
1759,30
1760,30
1761,30
1762,30
1763,30
1764,30
1765,30
1766,30
1767,30
1768,30
1769,30
1770,30
1771,30
1772,30
1773,30
1774,30
1775,30
1776,30
1777,30
1778,30
1779,30
1780,30
1781,30
1782,30
1783,30
1784,30
1785,30
1786,30
1787,30
1788,30
1789,30
1790,30
1791,30
1792,30
1793,72
1794,72
1795,72
1796,72
1797,72
1798,72
1799,72
1800,72
1801,72
1802,72
1803,72
1804,72
1805,72
1806,72
1807,72
1808,72
1809,72
1810,72
1811,72
1812,72
1813,72
1814,72
1815,72
1816,72
1817,72
1818,72
1819,72
1820,72
1821,72
1822,72
1823,72
1824,72
1825,72
1826,72
1827,72
1828,72
1829,72
1830,72
1831,72
1832,72
1833,72
1834,72
1835,72
1836,72
1837,72
1838,72
1839,72
1840,72
1841,72
1842,72
1843,72
1844,72
1845,72
1846,72
1847,72
1848,72
1849,72
1850,72
1851,72
1852,72
1853,72
1854,72
1855,72
1856,72
1857,112
1858,112
1859,112
1860,112
1861,112
1862,112
1863,112
1864,112
1865,112
1866,112
1867,112
1868,112
1869,112
1870,112
1871,112
1872,112
1873,112
1874,112
1875,112
1876,112
1877,112
1878,112
1879,112
1880,112
1881,112
1882,112
1883,112
1884,112
1885,112
1886,112
1887,112
1888,112
1889,112
1890,112
1891,112
1892,112
1893,112
1894,112
1895,112
1896,112
1897,112
1898,112
1899,112
1900,112
1901,112
1902,112
1903,112
1904,112
1905,112
1906,112
1907,112
1908,112
1909,112
1910,112
1911,112
1912,112
1913,112
1914,112
1915,112
1916,112
1917,112
1918,112
1919,112
1920,112
1921,46
1922,46
1923,46
1924,46
1925,46
1926,46
1927,46
1928,46
1929,46
1930,46
1931,46
1932,46
1933,46
1934,46
1935,46
1936,46
1937,46
1938,46
1939,46
1940,46
1941,46
1942,46
1943,46
1944,46
1945,46
1946,46
1947,46
1948,46
1949,46
1950,46
1951,46
1952,46
1953,46
1954,46
1955,46
1956,46
1957,46
1958,46
1959,46
1960,46
1961,46
1962,46
1963,46
1964,46
1965,46
1966,46
1967,46
1968,46
1969,46
1970,46
1971,46
1972,46
1973,46
1974,46
1975,46
1976,46
1977,46
1978,46
1979,46
1980,46
1981,46
1982,46
1983,46
1984,46
1985,110
1986,110
1987,110
1988,110
1989,110
1990,110
1991,110
1992,110
1993,110
1994,110
1995,110
1996,110
1997,110
1998,110
1999,110
2000,110
2001,110
2002,110
2003,110
2004,110
2005,110
2006,110
2007,110
2008,110
2009,110
2010,110
2011,110
2012,110
2013,110
2014,110
2015,110
2016,110
2017,110
2018,110
2019,110
2020,110
2021,110
2022,110
2023,110
2024,110
2025,110
2026,110
2027,110
2028,110
2029,110
2030,110
2031,110
2032,110
2033,110
2034,110
2035,110
2036,110
2037,110
2038,110
2039,110
2040,110
2041,110
2042,110
2043,110
2044,110
2045,110
2046,110
2047,110
2048,110
2049,98
2050,98
2051,98
2052,98
2053,98
2054,98
2055,98
2056,98
2057,98
2058,98
2059,98
2060,98
2061,98
2062,98
2063,98
2064,98
2065,98
2066,98
2067,98
2068,98
2069,98
2070,98
2071,98
2072,98
2073,98
2074,98
2075,98
2076,98
2077,98
2078,98
2079,98
2080,98
2081,98
2082,98
2083,98
2084,98
2085,98
2086,98
2087,98
2088,98
2089,98
2090,98
2091,98
2092,98
2093,98
2094,98
2095,98
2096,98
2097,98
2098,98
2099,98
2100,98
2101,98
2102,98
2103,98
2104,98
2105,98
2106,98
2107,98
2108,98
2109,98
2110,98
2111,98
2112,98
2113,4
2114,4
2115,4
2116,4
2117,4
2118,4
2119,4
2120,4
2121,4
2122,4
2123,4
2124,4
2125,4
2126,4
2127,4
2128,4
2129,4
2130,4
2131,4
2132,4
2133,4
2134,4
2135,4
2136,4
2137,4
2138,4
2139,4
2140,4
2141,4
2142,4
2143,4
2144,4
2145,4
2146,4
2147,4
2148,4
2149,4
2150,4
2151,4
2152,4
2153,4
2154,4
2155,4
2156,4
2157,4
2158,4
2159,4
2160,4
2161,4
2162,4
2163,4
2164,4
2165,4
2166,4
2167,4
2168,4
2169,4
2170,4
2171,4
2172,4
2173,4
2174,4
2175,4
2176,4
2177,80
2178,80
2179,80
2180,80
2181,80
2182,80
2183,80
2184,80
2185,80
2186,80
2187,80
2188,80
2189,80
2190,80
2191,80
2192,80
2193,80
2194,80
2195,80
2196,80
2197,80
2198,80
2199,80
2200,80
2201,80
2202,80
2203,80
2204,80
2205,80
2206,80
2207,80
2208,80
2209,80
2210,80
2211,80
2212,80
2213,80
2214,80
2215,80
2216,80
2217,80
2218,80
2219,80
2220,80
2221,80
2222,80
2223,80
2224,80
2225,80
2226,80
2227,80
2228,80
2229,80
2230,80
2231,80
2232,80
2233,80
2234,80
2235,80
2236,80
2237,80
2238,80
2239,80
2240,80
2241,76
2242,76
2243,76
2244,76
2245,76
2246,76
2247,76
2248,76
2249,76
2250,76
2251,76
2252,76
2253,76
2254,76
2255,76
2256,76
2257,76
2258,76
2259,76
2260,76
2261,76
2262,76
2263,76
2264,76
2265,76
2266,76
2267,76
2268,76
2269,76
2270,76
2271,76
2272,76
2273,76
2274,76
2275,76
2276,76
2277,76
2278,76
2279,76
2280,76
2281,76
2282,76
2283,76
2284,76
2285,76
2286,76
2287,76
2288,76
2289,76
2290,76
2291,76
2292,76
2293,76
2294,76
2295,76
2296,76
2297,76
2298,76
2299,76
2300,76
2301,76
2302,76
2303,76
2304,76
2305,92
2306,92
2307,92
2308,92
2309,92
2310,92
2311,92
2312,92
2313,92
2314,92
2315,92
2316,92
2317,92
2318,92
2319,92
2320,92
2321,92
2322,92
2323,92
2324,92
2325,92
2326,92
2327,92
2328,92
2329,92
2330,92
2331,92
2332,92
2333,92
2334,92
2335,92
2336,92
2337,92
2338,92
2339,92
2340,92
2341,92
2342,92
2343,92
2344,92
2345,92
2346,92
2347,92
2348,92
2349,92
2350,92
2351,92
2352,92
2353,92
2354,92
2355,92
2356,92
2357,92
2358,92
2359,92
2360,92
2361,92
2362,92
2363,92
2364,92
2365,92
2366,92
2367,92
2368,92
2369,34
2370,34
2371,34
2372,34
2373,34
2374,34
2375,34
2376,34
2377,34
2378,34
2379,34
2380,34
2381,34
2382,34
2383,34
2384,34
2385,34
2386,34
2387,34
2388,34
2389,34
2390,34
2391,34
2392,34
2393,34
2394,34
2395,34
2396,34
2397,34
2398,34
2399,34
2400,34
2401,34
2402,34
2403,34
2404,34
2405,34
2406,34
2407,34
2408,34
2409,34
2410,34
2411,34
2412,34
2413,34
2414,34
2415,34
2416,34
2417,34
2418,34
2419,34
2420,34
2421,34
2422,34
2423,34
2424,34
2425,34
2426,34
2427,34
2428,34
2429,34
2430,34
2431,34
2432,34
2433,62
2434,62
2435,62
2436,62
2437,62
2438,62
2439,62
2440,62
2441,62
2442,62
2443,62
2444,62
2445,62
2446,62
2447,62
2448,62
2449,62
2450,62
2451,62
2452,62
2453,62
2454,62
2455,62
2456,62
2457,62
2458,62
2459,62
2460,62
2461,62
2462,62
2463,62
2464,62
2465,62
2466,62
2467,62
2468,62
2469,62
2470,62
2471,62
2472,62
2473,62
2474,62
2475,62
2476,62
2477,62
2478,62
2479,62
2480,62
2481,62
2482,62
2483,62
2484,62
2485,62
2486,62
2487,62
2488,62
2489,62
2490,62
2491,62
2492,62
2493,62
2494,62
2495,62
2496,62
2497,92
2498,92
2499,92
2500,92
2501,92
2502,92
2503,92
2504,92
2505,92
2506,92
2507,92
2508,92
2509,92
2510,92
2511,92
2512,92
2513,92
2514,92
2515,92
2516,92
2517,92
2518,92
2519,92
2520,92
2521,92
2522,92
2523,92
2524,92
2525,92
2526,92
2527,92
2528,92
2529,92
2530,92
2531,92
2532,92
2533,92
2534,92
2535,92
2536,92
2537,92
2538,92
2539,92
2540,92
2541,92
2542,92
2543,92
2544,92
2545,92
2546,92
2547,92
2548,92
2549,92
2550,92
2551,92
2552,92
2553,92
2554,92
2555,92
2556,92
2557,92
2558,92
2559,92
2560,92
2561,104
2562,104
2563,104
2564,104
2565,104
2566,104
2567,104
2568,104
2569,104
2570,104
2571,104
2572,104
2573,104
2574,104
2575,104
2576,104
2577,104
2578,104
2579,104
2580,104
2581,104
2582,104
2583,104
2584,104
2585,104
2586,104
2587,104
2588,104
2589,104
2590,104
2591,104
2592,104
2593,104
2594,104
2595,104
2596,104
2597,104
2598,104
2599,104
2600,104
2601,104
2602,104
2603,104
2604,104
2605,104
2606,104
2607,104
2608,104
2609,104
2610,104
2611,104
2612,104
2613,104
2614,104
2615,104
2616,104
2617,104
2618,104
2619,104
2620,104
2621,104
2622,104
2623,104
2624,104
2625,32
2626,32
2627,32
2628,32
2629,32
2630,32
2631,32
2632,32
2633,32
2634,32
2635,32
2636,32
2637,32
2638,32
2639,32
2640,32
2641,32
2642,32
2643,32
2644,32
2645,32
2646,32
2647,32
2648,32
2649,32
2650,32
2651,32
2652,32
2653,32
2654,32
2655,32
2656,32
2657,32
2658,32
2659,32
2660,32
2661,32
2662,32
2663,32
2664,32
2665,32
2666,32
2667,32
2668,32
2669,32
2670,32
2671,32
2672,32
2673,32
2674,32
2675,32
2676,32
2677,32
2678,32
2679,32
2680,32
2681,32
2682,32
2683,32
2684,32
2685,32
2686,32
2687,32
2688,32
2689,20
2690,20
2691,20
2692,20
2693,20
2694,20
2695,20
2696,20
2697,20
2698,20
2699,20
2700,20
2701,20
2702,20
2703,20
2704,20
2705,20
2706,20
2707,20
2708,20
2709,20
2710,20
2711,20
2712,20
2713,20
2714,20
2715,20
2716,20
2717,20
2718,20
2719,20
2720,20
2721,20
2722,20
2723,20
2724,20
2725,20
2726,20
2727,20
2728,20
2729,20
2730,20
2731,20
2732,20
2733,20
2734,20
2735,20
2736,20
2737,20
2738,20
2739,20
2740,20
2741,20
2742,20
2743,20
2744,20
2745,20
2746,20
2747,20
2748,20
2749,20
2750,20
2751,20
2752,20
2753,30
2754,30
2755,30
2756,30
2757,30
2758,30
2759,30
2760,30
2761,30
2762,30
2763,30
2764,30
2765,30
2766,30
2767,30
2768,30
2769,30
2770,30
2771,30
2772,30
2773,30
2774,30
2775,30
2776,30
2777,30
2778,30
2779,30
2780,30
2781,30
2782,30
2783,30
2784,30
2785,30
2786,30
2787,30
2788,30
2789,30
2790,30
2791,30
2792,30
2793,30
2794,30
2795,30
2796,30
2797,30
2798,30
2799,30
2800,30
2801,30
2802,30
2803,30
2804,30
2805,30
2806,30
2807,30
2808,30
2809,30
2810,30
2811,30
2812,30
2813,30
2814,30
2815,30
2816,30
2817,118
2818,118
2819,118
2820,118
2821,118
2822,118
2823,118
2824,118
2825,118
2826,118
2827,118
2828,118
2829,118
2830,118
2831,118
2832,118
2833,118
2834,118
2835,118
2836,118
2837,118
2838,118
2839,118
2840,118
2841,118
2842,118
2843,118
2844,118
2845,118
2846,118
2847,118
2848,118
2849,118
2850,118
2851,118
2852,118
2853,118
2854,118
2855,118
2856,118
2857,118
2858,118
2859,118
2860,118
2861,118
2862,118
2863,118
2864,118
2865,118
2866,118
2867,118
2868,118
2869,118
2870,118
2871,118
2872,118
2873,118
2874,118
2875,118
2876,118
2877,118
2878,118
2879,118
2880,118
2881,26
2882,26
2883,26
2884,26
2885,26
2886,26
2887,26
2888,26
2889,26
2890,26
2891,26
2892,26
2893,26
2894,26
2895,26
2896,26
2897,26
2898,26
2899,26
2900,26
2901,26
2902,26
2903,26
2904,26
2905,26
2906,26
2907,26
2908,26
2909,26
2910,26
2911,26
2912,26
2913,26
2914,26
2915,26
2916,26
2917,26
2918,26
2919,26
2920,26
2921,26
2922,26
2923,26
2924,26
2925,26
2926,26
2927,26
2928,26
2929,26
2930,26
2931,26
2932,26
2933,26
2934,26
2935,26
2936,26
2937,26
2938,26
2939,26
2940,26
2941,26
2942,26
2943,26
2944,26
2945,87
2946,87
2947,87
2948,87
2949,87
2950,87
2951,87
2952,87
2953,87
2954,87
2955,87
2956,87
2957,87
2958,87
2959,87
2960,87
2961,87
2962,87
2963,87
2964,87
2965,87
2966,87
2967,87
2968,87
2969,87
2970,87
2971,87
2972,87
2973,87
2974,87
2975,87
2976,87
2977,87
2978,87
2979,87
2980,87
2981,87
2982,87
2983,87
2984,87
2985,87
2986,87
2987,87
2988,87
2989,87
2990,87
2991,87
2992,87
2993,87
2994,87
2995,87
2996,87
2997,87
2998,87
2999,87
3000,87
3001,87
3002,87
3003,87
3004,87
3005,87
3006,87
3007,87
3008,87
3009,126
3010,126
3011,126
3012,126
3013,126
3014,126
3015,126
3016,126
3017,126
3018,126
3019,126
3020,126
3021,126
3022,126
3023,126
3024,126
3025,126
3026,126
3027,126
3028,126
3029,126
3030,126
3031,126
3032,126
3033,126
3034,126
3035,126
3036,126
3037,126
3038,126
3039,126
3040,126
3041,126
3042,126
3043,126
3044,126
3045,126
3046,126
3047,126
3048,126
3049,126
3050,126
3051,126
3052,126
3053,126
3054,126
3055,126
3056,126
3057,126
3058,126
3059,126
3060,126
3061,126
3062,126
3063,126
3064,126
3065,126
3066,126
3067,126
3068,126
3069,126
3070,126
3071,126
3072,126
3073,22
3074,22
3075,22
3076,22
3077,22
3078,22
3079,22
3080,22
3081,22
3082,22
3083,22
3084,22
3085,22
3086,22
3087,22
3088,22
3089,22
3090,22
3091,22
3092,22
3093,22
3094,22
3095,22
3096,22
3097,22
3098,22
3099,22
3100,22
3101,22
3102,22
3103,22
3104,22
3105,22
3106,22
3107,22
3108,22
3109,22
3110,22
3111,22
3112,22
3113,22
3114,22
3115,22
3116,22
3117,22
3118,22
3119,22
3120,22
3121,22
3122,22
3123,22
3124,22
3125,22
3126,22
3127,22
3128,22
3129,22
3130,22
3131,22
3132,22
3133,22
3134,22
3135,22
3136,22
3137,68
3138,68
3139,68
3140,68
3141,68
3142,68
3143,68
3144,68
3145,68
3146,68
3147,68
3148,68
3149,68
3150,68
3151,68
3152,68
3153,68
3154,68
3155,68
3156,68
3157,68
3158,68
3159,68
3160,68
3161,68
3162,68
3163,68
3164,68
3165,68
3166,68
3167,68
3168,68
3169,68
3170,68
3171,68
3172,68
3173,68
3174,68
3175,68
3176,68
3177,68
3178,68
3179,68
3180,68
3181,68
3182,68
3183,68
3184,68
3185,68
3186,68
3187,68
3188,68
3189,68
3190,68
3191,68
3192,68
3193,68
3194,68
3195,68
3196,68
3197,68
3198,68
3199,68
3200,68
3201,-1
3202,-1
3203,-1
3204,-1
3205,-1
3206,-1
3207,-1
3208,-1
3209,-1
3210,-1
3211,-1
3212,-1
3213,-1
3214,-1
3215,-1
3216,-1
3217,-1
3218,-1
3219,-1
3220,-1
3221,-1
3222,-1
3223,-1
3224,-1
3225,-1
3226,-1
3227,-1
3228,-1
3229,-1
3230,-1
3231,-1
3232,-1
3233,-1
3234,-1
3235,-1
3236,-1
3237,-1
3238,-1
3239,-1
3240,-1
3241,-1
3242,-1
3243,-1
3244,-1
3245,-1
3246,-1
3247,-1
3248,-1
3249,-1
3250,-1
3251,-1
3252,-1
3253,-1
3254,-1
3255,-1
3256,-1
3257,-1
3258,-1
3259,-1
3260,-1
3261,-1
3262,-1
3263,-1
3264,-1
3265,82
3266,82
3267,82
3268,82
3269,82
3270,82
3271,82
3272,82
3273,82
3274,82
3275,82
3276,82
3277,82
3278,82
3279,82
3280,82
3281,82
3282,82
3283,82
3284,82
3285,82
3286,82
3287,82
3288,82
3289,82
3290,82
3291,82
3292,82
3293,82
3294,82
3295,82
3296,82
3297,82
3298,82
3299,82
3300,82
3301,82
3302,82
3303,82
3304,82
3305,82
3306,82
3307,82
3308,82
3309,82
3310,82
3311,82
3312,82
3313,82
3314,82
3315,82
3316,82
3317,82
3318,82
3319,82
3320,82
3321,82
3322,82
3323,82
3324,82
3325,82
3326,82
3327,82
3328,82
3329,108
3330,108
3331,108
3332,108
3333,108
3334,108
3335,108
3336,108
3337,108
3338,108
3339,108
3340,108
3341,108
3342,108
3343,108
3344,108
3345,108
3346,108
3347,108
3348,108
3349,108
3350,108
3351,108
3352,108
3353,108
3354,108
3355,108
3356,108
3357,108
3358,108
3359,108
3360,108
3361,108
3362,108
3363,108
3364,108
3365,108
3366,108
3367,108
3368,108
3369,108
3370,108
3371,108
3372,108
3373,108
3374,108
3375,108
3376,108
3377,108
3378,108
3379,108
3380,108
3381,108
3382,108
3383,108
3384,108
3385,108
3386,108
3387,108
3388,108
3389,108
3390,108
3391,108
3392,108
3393,70
3394,70
3395,70
3396,70
3397,70
3398,70
3399,70
3400,70
3401,70
3402,70
3403,70
3404,70
3405,70
3406,70
3407,70
3408,70
3409,70
3410,70
3411,70
3412,70
3413,70
3414,70
3415,70
3416,70
3417,70
3418,70
3419,70
3420,70
3421,70
3422,70
3423,70
3424,70
3425,70
3426,70
3427,70
3428,70
3429,70
3430,70
3431,70
3432,70
3433,70
3434,70
3435,70
3436,70
3437,70
3438,70
3439,70
3440,70
3441,70
3442,70
3443,70
3444,70
3445,70
3446,70
3447,70
3448,70
3449,70
3450,70
3451,70
3452,70
3453,70
3454,70
3455,70
3456,70
3457,54
3458,54
3459,54
3460,54
3461,54
3462,54
3463,54
3464,54
3465,54
3466,54
3467,54
3468,54
3469,54
3470,54
3471,54
3472,54
3473,54
3474,54
3475,54
3476,54
3477,54
3478,54
3479,54
3480,54
3481,54
3482,54
3483,54
3484,54
3485,54
3486,54
3487,54
3488,54
3489,54
3490,54
3491,54
3492,54
3493,54
3494,54
3495,54
3496,54
3497,54
3498,54
3499,54
3500,54
3501,54
3502,54
3503,54
3504,54
3505,54
3506,54
3507,54
3508,54
3509,54
3510,54
3511,54
3512,54
3513,54
3514,54
3515,54
3516,54
3517,54
3518,54
3519,54
3520,54
3521,68
3522,68
3523,68
3524,68
3525,68
3526,68
3527,68
3528,68
3529,68
3530,68
3531,68
3532,68
3533,68
3534,68
3535,68
3536,68
3537,68
3538,68
3539,68
3540,68
3541,68
3542,68
3543,68
3544,68
3545,68
3546,68
3547,68
3548,68
3549,68
3550,68
3551,68
3552,68
3553,68
3554,68
3555,68
3556,68
3557,68
3558,68
3559,68
3560,68
3561,68
3562,68
3563,68
3564,68
3565,68
3566,68
3567,68
3568,68
3569,68
3570,68
3571,68
3572,68
3573,68
3574,68
3575,68
3576,68
3577,68
3578,68
3579,68
3580,68
3581,68
3582,68
3583,68
3584,68
3585,110
3586,110
3587,110
3588,110
3589,110
3590,110
3591,110
3592,110
3593,110
3594,110
3595,110
3596,110
3597,110
3598,110
3599,110
3600,110
3601,110
3602,110
3603,110
3604,110
3605,110
3606,110
3607,110
3608,110
3609,110
3610,110
3611,110
3612,110
3613,110
3614,110
3615,110
3616,110
3617,110
3618,110
3619,110
3620,110
3621,110
3622,110
3623,110
3624,110
3625,110
3626,110
3627,110
3628,110
3629,110
3630,110
3631,110
3632,110
3633,110
3634,110
3635,110
3636,110
3637,110
3638,110
3639,110
3640,110
3641,110
3642,110
3643,110
3644,110
3645,110
3646,110
3647,110
3648,110
3649,108
3650,108
3651,108
3652,108
3653,108
3654,108
3655,108
3656,108
3657,108
3658,108
3659,108
3660,108
3661,108
3662,108
3663,108
3664,108
3665,108
3666,108
3667,108
3668,108
3669,108
3670,108
3671,108
3672,108
3673,108
3674,108
3675,108
3676,108
3677,108
3678,108
3679,108
3680,108
3681,108
3682,108
3683,108
3684,108
3685,108
3686,108
3687,108
3688,108
3689,108
3690,108
3691,108
3692,108
3693,108
3694,108
3695,108
3696,108
3697,108
3698,108
3699,108
3700,108
3701,108
3702,108
3703,108
3704,108
3705,108
3706,108
3707,108
3708,108
3709,108
3710,108
3711,108
3712,108
3713,62
3714,62
3715,62
3716,62
3717,62
3718,62
3719,62
3720,62
3721,62
3722,62
3723,62
3724,62
3725,62
3726,62
3727,62
3728,62
3729,62
3730,62
3731,62
3732,62
3733,62
3734,62
3735,62
3736,62
3737,62
3738,62
3739,62
3740,62
3741,62
3742,62
3743,62
3744,62
3745,62
3746,62
3747,62
3748,62
3749,62
3750,62
3751,62
3752,62
3753,62
3754,62
3755,62
3756,62
3757,62
3758,62
3759,62
3760,62
3761,62
3762,62
3763,62
3764,62
3765,62
3766,62
3767,62
3768,62
3769,62
3770,62
3771,62
3772,62
3773,62
3774,62
3775,62
3776,62
3777,82
3778,82
3779,82
3780,82
3781,82
3782,82
3783,82
3784,82
3785,82
3786,82
3787,82
3788,82
3789,82
3790,82
3791,82
3792,82
3793,82
3794,82
3795,82
3796,82
3797,82
3798,82
3799,82
3800,82
3801,82
3802,82
3803,82
3804,82
3805,82
3806,82
3807,82
3808,82
3809,82
3810,82
3811,82
3812,82
3813,82
3814,82
3815,82
3816,82
3817,82
3818,82
3819,82
3820,82
3821,82
3822,82
3823,82
3824,82
3825,82
3826,82
3827,82
3828,82
3829,82
3830,82
3831,82
3832,82
3833,82
3834,82
3835,82
3836,82
3837,82
3838,82
3839,82
3840,82
3841,36
3842,36
3843,36
3844,36
3845,36
3846,36
3847,36
3848,36
3849,36
3850,36
3851,36
3852,36
3853,36
3854,36
3855,36
3856,36
3857,36
3858,36
3859,36
3860,36
3861,36
3862,36
3863,36
3864,36
3865,36
3866,36
3867,36
3868,36
3869,36
3870,36
3871,36
3872,36
3873,36
3874,36
3875,36
3876,36
3877,36
3878,36
3879,36
3880,36
3881,36
3882,36
3883,36
3884,36
3885,36
3886,36
3887,36
3888,36
3889,36
3890,36
3891,36
3892,36
3893,36
3894,36
3895,36
3896,36
3897,36
3898,36
3899,36
3900,36
3901,36
3902,36
3903,36
3904,36
3905,52
3906,52
3907,52
3908,52
3909,52
3910,52
3911,52
3912,52
3913,52
3914,52
3915,52
3916,52
3917,52
3918,52
3919,52
3920,52
3921,52
3922,52
3923,52
3924,52
3925,52
3926,52
3927,52
3928,52
3929,52
3930,52
3931,52
3932,52
3933,52
3934,52
3935,52
3936,52
3937,52
3938,52
3939,52
3940,52
3941,52
3942,52
3943,52
3944,52
3945,52
3946,52
3947,52
3948,52
3949,52
3950,52
3951,52
3952,52
3953,52
3954,52
3955,52
3956,52
3957,52
3958,52
3959,52
3960,52
3961,52
3962,52
3963,52
3964,52
3965,52
3966,52
3967,52
3968,52
3969,12
3970,12
3971,12
3972,12
3973,12
3974,12
3975,12
3976,12
3977,12
3978,12
3979,12
3980,12
3981,12
3982,12
3983,12
3984,12
3985,12
3986,12
3987,12
3988,12
3989,12
3990,12
3991,12
3992,12
3993,12
3994,12
3995,12
3996,12
3997,12
3998,12
3999,12
4000,12
4001,12
4002,12
4003,12
4004,12
4005,12
4006,12
4007,12
4008,12
4009,12
4010,12
4011,12
4012,12
4013,12
4014,12
4015,12
4016,12
4017,12
4018,12
4019,12
4020,12
4021,12
4022,12
4023,12
4024,12
4025,12
4026,12
4027,12
4028,12
4029,12
4030,12
4031,12
4032,12
4033,98
4034,98
4035,98
4036,98
4037,98
4038,98
4039,98
4040,98
4041,98
4042,98
4043,98
4044,98
4045,98
4046,98
4047,98
4048,98
4049,98
4050,98
4051,98
4052,98
4053,98
4054,98
4055,98
4056,98
4057,98
4058,98
4059,98
4060,98
4061,98
4062,98
4063,98
4064,98
4065,98
4066,98
4067,98
4068,98
4069,98
4070,98
4071,98
4072,98
4073,98
4074,98
4075,98
4076,98
4077,98
4078,98
4079,98
4080,98
4081,98
4082,98
4083,98
4084,98
4085,98
4086,98
4087,98
4088,98
4089,98
4090,98
4091,98
4092,98
4093,98
4094,98
4095,98
4096,98
4097,108
4098,108
4099,108
4100,108
4101,108
4102,108
4103,108
4104,108
4105,108
4106,108
4107,108
4108,108
4109,108
4110,108
4111,108
4112,108
4113,108
4114,108
4115,108
4116,108
4117,108
4118,108
4119,108
4120,108
4121,108
4122,108
4123,108
4124,108
4125,108
4126,108
4127,108
4128,108
4129,108
4130,108
4131,108
4132,108
4133,108
4134,108
4135,108
4136,108
4137,108
4138,108
4139,108
4140,108
4141,108
4142,108
4143,108
4144,108
4145,108
4146,108
4147,108
4148,108
4149,108
4150,108
4151,108
4152,108
4153,108
4154,108
4155,108
4156,108
4157,108
4158,108
4159,108
4160,108
4161,110
4162,110
4163,110
4164,110
4165,110
4166,110
4167,110
4168,110
4169,110
4170,110
4171,110
4172,110
4173,110
4174,110
4175,110
4176,110
4177,110
4178,110
4179,110
4180,110
4181,110
4182,110
4183,110
4184,110
4185,110
4186,110
4187,110
4188,110
4189,110
4190,110
4191,110
4192,110
4193,110
4194,110
4195,110
4196,110
4197,110
4198,110
4199,110
4200,110
4201,110
4202,110
4203,110
4204,110
4205,110
4206,110
4207,110
4208,110
4209,110
4210,110
4211,110
4212,110
4213,110
4214,110
4215,110
4216,110
4217,110
4218,110
4219,110
4220,110
4221,110
4222,110
4223,110
4224,110
4225,42
4226,42
4227,42
4228,42
4229,42
4230,42
4231,42
4232,42
4233,42
4234,42
4235,42
4236,42
4237,42
4238,42
4239,42
4240,42
4241,42
4242,42
4243,42
4244,42
4245,42
4246,42
4247,42
4248,42
4249,42
4250,42
4251,42
4252,42
4253,42
4254,42
4255,42
4256,42
4257,42
4258,42
4259,42
4260,42
4261,42
4262,42
4263,42
4264,42
4265,42
4266,42
4267,42
4268,42
4269,42
4270,42
4271,42
4272,42
4273,42
4274,42
4275,42
4276,42
4277,42
4278,42
4279,42
4280,42
4281,42
4282,42
4283,42
4284,42
4285,42
4286,42
4287,42
4288,42
4289,44
4290,44
4291,44
4292,44
4293,44
4294,44
4295,44
4296,44
4297,44
4298,44
4299,44
4300,44
4301,44
4302,44
4303,44
4304,44
4305,44
4306,44
4307,44
4308,44
4309,44
4310,44
4311,44
4312,44
4313,44
4314,44
4315,44
4316,44
4317,44
4318,44
4319,44
4320,44
4321,44
4322,44
4323,44
4324,44
4325,44
4326,44
4327,44
4328,44
4329,44
4330,44
4331,44
4332,44
4333,44
4334,44
4335,44
4336,44
4337,44
4338,44
4339,44
4340,44
4341,44
4342,44
4343,44
4344,44
4345,44
4346,44
4347,44
4348,44
4349,44
4350,44
4351,44
4352,44
4353,18
4354,18
4355,18
4356,18
4357,18
4358,18
4359,18
4360,18
4361,18
4362,18
4363,18
4364,18
4365,18
4366,18
4367,18
4368,18
4369,18
4370,18
4371,18
4372,18
4373,18
4374,18
4375,18
4376,18
4377,18
4378,18
4379,18
4380,18
4381,18
4382,18
4383,18
4384,18
4385,18
4386,18
4387,18
4388,18
4389,18
4390,18
4391,18
4392,18
4393,18
4394,18
4395,18
4396,18
4397,18
4398,18
4399,18
4400,18
4401,18
4402,18
4403,18
4404,18
4405,18
4406,18
4407,18
4408,18
4409,18
4410,18
4411,18
4412,18
4413,18
4414,18
4415,18
4416,18
4417,28
4418,28
4419,28
4420,28
4421,28
4422,28
4423,28
4424,28
4425,28
4426,28
4427,28
4428,28
4429,28
4430,28
4431,28
4432,28
4433,28
4434,28
4435,28
4436,28
4437,28
4438,28
4439,28
4440,28
4441,28
4442,28
4443,28
4444,28
4445,28
4446,28
4447,28
4448,28
4449,28
4450,28
4451,28
4452,28
4453,28
4454,28
4455,28
4456,28
4457,28
4458,28
4459,28
4460,28
4461,28
4462,28
4463,28
4464,28
4465,28
4466,28
4467,28
4468,28
4469,28
4470,28
4471,28
4472,28
4473,28
4474,28
4475,28
4476,28
4477,28
4478,28
4479,28
4480,28
4481,68
4482,68
4483,68
4484,68
4485,68
4486,68
4487,68
4488,68
4489,68
4490,68
4491,68
4492,68
4493,68
4494,68
4495,68
4496,68
4497,68
4498,68
4499,68
4500,68
4501,68
4502,68
4503,68
4504,68
4505,68
4506,68
4507,68
4508,68
4509,68
4510,68
4511,68
4512,68
4513,68
4514,68
4515,68
4516,68
4517,68
4518,68
4519,68
4520,68
4521,68
4522,68
4523,68
4524,68
4525,68
4526,68
4527,68
4528,68
4529,68
4530,68
4531,68
4532,68
4533,68
4534,68
4535,68
4536,68
4537,68
4538,68
4539,68
4540,68
4541,68
4542,68
4543,68
4544,68
4545,16
4546,16
4547,16
4548,16
4549,16
4550,16
4551,16
4552,16
4553,16
4554,16
4555,16
4556,16
4557,16
4558,16
4559,16
4560,16
4561,16
4562,16
4563,16
4564,16
4565,16
4566,16
4567,16
4568,16
4569,16
4570,16
4571,16
4572,16
4573,16
4574,16
4575,16
4576,16
4577,16
4578,16
4579,16
4580,16
4581,16
4582,16
4583,16
4584,16
4585,16
4586,16
4587,16
4588,16
4589,16
4590,16
4591,16
4592,16
4593,16
4594,16
4595,16
4596,16
4597,16
4598,16
4599,16
4600,16
4601,16
4602,16
4603,16
4604,16
4605,16
4606,16
4607,16
4608,16
4609,28
4610,28
4611,28
4612,28
4613,28
4614,28
4615,28
4616,28
4617,28
4618,28
4619,28
4620,28
4621,28
4622,28
4623,28
4624,28
4625,28
4626,28
4627,28
4628,28
4629,28
4630,28
4631,28
4632,28
4633,28
4634,28
4635,28
4636,28
4637,28
4638,28
4639,28
4640,28
4641,28
4642,28
4643,28
4644,28
4645,28
4646,28
4647,28
4648,28
4649,28
4650,28
4651,28
4652,28
4653,28
4654,28
4655,28
4656,28
4657,28
4658,28
4659,28
4660,28
4661,28
4662,28
4663,28
4664,28
4665,28
4666,28
4667,28
4668,28
4669,28
4670,28
4671,28
4672,28
4673,22
4674,22
4675,22
4676,22
4677,22
4678,22
4679,22
4680,22
4681,22
4682,22
4683,22
4684,22
4685,22
4686,22
4687,22
4688,22
4689,22
4690,22
4691,22
4692,22
4693,22
4694,22
4695,22
4696,22
4697,22
4698,22
4699,22
4700,22
4701,22
4702,22
4703,22
4704,22
4705,22
4706,22
4707,22
4708,22
4709,22
4710,22
4711,22
4712,22
4713,22
4714,22
4715,22
4716,22
4717,22
4718,22
4719,22
4720,22
4721,22
4722,22
4723,22
4724,22
4725,22
4726,22
4727,22
4728,22
4729,22
4730,22
4731,22
4732,22
4733,22
4734,22
4735,22
4736,22
4737,46
4738,46
4739,46
4740,46
4741,46
4742,46
4743,46
4744,46
4745,46
4746,46
4747,46
4748,46
4749,46
4750,46
4751,46
4752,46
4753,46
4754,46
4755,46
4756,46
4757,46
4758,46
4759,46
4760,46
4761,46
4762,46
4763,46
4764,46
4765,46
4766,46
4767,46
4768,46
4769,46
4770,46
4771,46
4772,46
4773,46
4774,46
4775,46
4776,46
4777,46
4778,46
4779,46
4780,46
4781,46
4782,46
4783,46
4784,46
4785,46
4786,46
4787,46
4788,46
4789,46
4790,46
4791,46
4792,46
4793,46
4794,46
4795,46
4796,46
4797,46
4798,46
4799,46
4800,46
4801,88
4802,88
4803,88
4804,88
4805,88
4806,88
4807,88
4808,88
4809,88
4810,88
4811,88
4812,88
4813,88
4814,88
4815,88
4816,88
4817,88
4818,88
4819,88
4820,88
4821,88
4822,88
4823,88
4824,88
4825,88
4826,88
4827,88
4828,88
4829,88
4830,88
4831,88
4832,88
4833,88
4834,88
4835,88
4836,88
4837,88
4838,88
4839,88
4840,88
4841,88
4842,88
4843,88
4844,88
4845,88
4846,88
4847,88
4848,88
4849,88
4850,88
4851,88
4852,88
4853,88
4854,88
4855,88
4856,88
4857,88
4858,88
4859,88
4860,88
4861,88
4862,88
4863,88
4864,88
4865,2
4866,2
4867,2
4868,2
4869,2
4870,2
4871,2
4872,2
4873,2
4874,2
4875,2
4876,2
4877,2
4878,2
4879,2
4880,2
4881,2
4882,2
4883,2
4884,2
4885,2
4886,2
4887,2
4888,2
4889,2
4890,2
4891,2
4892,2
4893,2
4894,2
4895,2
4896,2
4897,2
4898,2
4899,2
4900,2
4901,2
4902,2
4903,2
4904,2
4905,2
4906,2
4907,2
4908,2
4909,2
4910,2
4911,2
4912,2
4913,2
4914,2
4915,2
4916,2
4917,2
4918,2
4919,2
4920,2
4921,2
4922,2
4923,2
4924,2
4925,2
4926,2
4927,2
4928,2
4929,66
4930,66
4931,66
4932,66
4933,66
4934,66
4935,66
4936,66
4937,66
4938,66
4939,66
4940,66
4941,66
4942,66
4943,66
4944,66
4945,66
4946,66
4947,66
4948,66
4949,66
4950,66
4951,66
4952,66
4953,66
4954,66
4955,66
4956,66
4957,66
4958,66
4959,66
4960,66
4961,66
4962,66
4963,66
4964,66
4965,66
4966,66
4967,66
4968,66
4969,66
4970,66
4971,66
4972,66
4973,66
4974,66
4975,66
4976,66
4977,66
4978,66
4979,66
4980,66
4981,66
4982,66
4983,66
4984,66
4985,66
4986,66
4987,66
4988,66
4989,66
4990,66
4991,66
4992,66
4993,44
4994,44
4995,44
4996,44
4997,44
4998,44
4999,44
5000,44
5001,44
5002,44
5003,44
5004,44
5005,44
5006,44
5007,44
5008,44
5009,44
5010,44
5011,44
5012,44
5013,44
5014,44
5015,44
5016,44
5017,44
5018,44
5019,44
5020,44
5021,44
5022,44
5023,44
5024,44
5025,44
5026,44
5027,44
5028,44
5029,44
5030,44
5031,44
5032,44
5033,44
5034,44
5035,44
5036,44
5037,44
5038,44
5039,44
5040,44
5041,44
5042,44
5043,44
5044,44
5045,44
5046,44
5047,44
5048,44
5049,44
5050,44
5051,44
5052,44
5053,44
5054,44
5055,44
5056,44
5057,118
5058,118
5059,118
5060,118
5061,118
5062,118
5063,118
5064,118
5065,118
5066,118
5067,118
5068,118
5069,118
5070,118
5071,118
5072,118
5073,118
5074,118
5075,118
5076,118
5077,118
5078,118
5079,118
5080,118
5081,118
5082,118
5083,118
5084,118
5085,118
5086,118
5087,118
5088,118
5089,118
5090,118
5091,118
5092,118
5093,118
5094,118
5095,118
5096,118
5097,118
5098,118
5099,118
5100,118
5101,118
5102,118
5103,118
5104,118
5105,118
5106,118
5107,118
5108,118
5109,118
5110,118
5111,118
5112,118
5113,118
5114,118
5115,118
5116,118
5117,118
5118,118
5119,118
5120,118
5121,120
5122,120
5123,120
5124,120
5125,120
5126,120
5127,120
5128,120
5129,120
5130,120
5131,120
5132,120
5133,120
5134,120
5135,120
5136,120
5137,120
5138,120
5139,120
5140,120
5141,120
5142,120
5143,120
5144,120
5145,120
5146,120
5147,120
5148,120
5149,120
5150,120
5151,120
5152,120
5153,120
5154,120
5155,120
5156,120
5157,120
5158,120
5159,120
5160,120
5161,120
5162,120
5163,120
5164,120
5165,120
5166,120
5167,120
5168,120
5169,120
5170,120
5171,120
5172,120
5173,120
5174,120
5175,120
5176,120
5177,120
5178,120
5179,120
5180,120
5181,120
5182,120
5183,120
5184,120
5185,116
5186,116
5187,116
5188,116
5189,116
5190,116
5191,116
5192,116
5193,116
5194,116
5195,116
5196,116
5197,116
5198,116
5199,116
5200,116
5201,116
5202,116
5203,116
5204,116
5205,116
5206,116
5207,116
5208,116
5209,116
5210,116
5211,116
5212,116
5213,116
5214,116
5215,116
5216,116
5217,116
5218,116
5219,116
5220,116
5221,116
5222,116
5223,116
5224,116
5225,116
5226,116
5227,116
5228,116
5229,116
5230,116
5231,116
5232,116
5233,116
5234,116
5235,116
5236,116
5237,116
5238,116
5239,116
5240,116
5241,116
5242,116
5243,116
5244,116
5245,116
5246,116
5247,116
5248,116
5249,74
5250,74
5251,74
5252,74
5253,74
5254,74
5255,74
5256,74
5257,74
5258,74
5259,74
5260,74
5261,74
5262,74
5263,74
5264,74
5265,74
5266,74
5267,74
5268,74
5269,74
5270,74
5271,74
5272,74
5273,74
5274,74
5275,74
5276,74
5277,74
5278,74
5279,74
5280,74
5281,74
5282,74
5283,74
5284,74
5285,74
5286,74
5287,74
5288,74
5289,74
5290,74
5291,74
5292,74
5293,74
5294,74
5295,74
5296,74
5297,74
5298,74
5299,74
5300,74
5301,74
5302,74
5303,74
5304,74
5305,74
5306,74
5307,74
5308,74
5309,74
5310,74
5311,74
5312,74
5313,120
5314,120
5315,120
5316,120
5317,120
5318,120
5319,120
5320,120
5321,120
5322,120
5323,120
5324,120
5325,120
5326,120
5327,120
5328,120
5329,120
5330,120
5331,120
5332,120
5333,120
5334,120
5335,120
5336,120
5337,120
5338,120
5339,120
5340,120
5341,120
5342,120
5343,120
5344,120
5345,120
5346,120
5347,120
5348,120
5349,120
5350,120
5351,120
5352,120
5353,120
5354,120
5355,120
5356,120
5357,120
5358,120
5359,120
5360,120
5361,120
5362,120
5363,120
5364,120
5365,120
5366,120
5367,120
5368,120
5369,120
5370,120
5371,120
5372,120
5373,120
5374,120
5375,120
5376,120
5377,124
5378,124
5379,124
5380,124
5381,124
5382,124
5383,124
5384,124
5385,124
5386,124
5387,124
5388,124
5389,124
5390,124
5391,124
5392,124
5393,124
5394,124
5395,124
5396,124
5397,124
5398,124
5399,124
5400,124
5401,124
5402,124
5403,124
5404,124
5405,124
5406,124
5407,124
5408,124
5409,124
5410,124
5411,124
5412,124
5413,124
5414,124
5415,124
5416,124
5417,124
5418,124
5419,124
5420,124
5421,124
5422,124
5423,124
5424,124
5425,124
5426,124
5427,124
5428,124
5429,124
5430,124
5431,124
5432,124
5433,124
5434,124
5435,124
5436,124
5437,124
5438,124
5439,124
5440,124
5441,120
5442,120
5443,120
5444,120
5445,120
5446,120
5447,120
5448,120
5449,120
5450,120
5451,120
5452,120
5453,120
5454,120
5455,120
5456,120
5457,120
5458,120
5459,120
5460,120
5461,120
5462,120
5463,120
5464,120
5465,120
5466,120
5467,120
5468,120
5469,120
5470,120
5471,120
5472,120
5473,120
5474,120
5475,120
5476,120
5477,120
5478,120
5479,120
5480,120
5481,120
5482,120
5483,120
5484,120
5485,120
5486,120
5487,120
5488,120
5489,120
5490,120
5491,120
5492,120
5493,120
5494,120
5495,120
5496,120
5497,120
5498,120
5499,120
5500,120
5501,120
5502,120
5503,120
5504,120
5505,22
5506,22
5507,22
5508,22
5509,22
5510,22
5511,22
5512,22
5513,22
5514,22
5515,22
5516,22
5517,22
5518,22
5519,22
5520,22
5521,22
5522,22
5523,22
5524,22
5525,22
5526,22
5527,22
5528,22
5529,22
5530,22
5531,22
5532,22
5533,22
5534,22
5535,22
5536,22
5537,22
5538,22
5539,22
5540,22
5541,22
5542,22
5543,22
5544,22
5545,22
5546,22
5547,22
5548,22
5549,22
5550,22
5551,22
5552,22
5553,22
5554,22
5555,22
5556,22
5557,22
5558,22
5559,22
5560,22
5561,22
5562,22
5563,22
5564,22
5565,22
5566,22
5567,22
5568,22
5569,118
5570,118
5571,118
5572,118
5573,118
5574,118
5575,118
5576,118
5577,118
5578,118
5579,118
5580,118
5581,118
5582,118
5583,118
5584,118
5585,118
5586,118
5587,118
5588,118
5589,118
5590,118
5591,118
5592,118
5593,118
5594,118
5595,118
5596,118
5597,118
5598,118
5599,118
5600,118
5601,118
5602,118
5603,118
5604,118
5605,118
5606,118
5607,118
5608,118
5609,118
5610,118
5611,118
5612,118
5613,118
5614,118
5615,118
5616,118
5617,118
5618,118
5619,118
5620,118
5621,118
5622,118
5623,118
5624,118
5625,118
5626,118
5627,118
5628,118
5629,118
5630,118
5631,118
5632,118
5633,58
5634,58
5635,58
5636,58
5637,58
5638,58
5639,58
5640,58
5641,58
5642,58
5643,58
5644,58
5645,58
5646,58
5647,58
5648,58
5649,58
5650,58
5651,58
5652,58
5653,58
5654,58
5655,58
5656,58
5657,58
5658,58
5659,58
5660,58
5661,58
5662,58
5663,58
5664,58
5665,58
5666,58
5667,58
5668,58
5669,58
5670,58
5671,58
5672,58
5673,58
5674,58
5675,58
5676,58
5677,58
5678,58
5679,58
5680,58
5681,58
5682,58
5683,58
5684,58
5685,58
5686,58
5687,58
5688,58
5689,58
5690,58
5691,58
5692,58
5693,58
5694,58
5695,58
5696,58
5697,62
5698,62
5699,62
5700,62
5701,62
5702,62
5703,62
5704,62
5705,62
5706,62
5707,62
5708,62
5709,62
5710,62
5711,62
5712,62
5713,62
5714,62
5715,62
5716,62
5717,62
5718,62
5719,62
5720,62
5721,62
5722,62
5723,62
5724,62
5725,62
5726,62
5727,62
5728,62
5729,62
5730,62
5731,62
5732,62
5733,62
5734,62
5735,62
5736,62
5737,62
5738,62
5739,62
5740,62
5741,62
5742,62
5743,62
5744,62
5745,62
5746,62
5747,62
5748,62
5749,62
5750,62
5751,62
5752,62
5753,62
5754,62
5755,62
5756,62
5757,62
5758,62
5759,62
5760,62
5761,16
5762,16
5763,16
5764,16
5765,16
5766,16
5767,16
5768,16
5769,16
5770,16
5771,16
5772,16
5773,16
5774,16
5775,16
5776,16
5777,16
5778,16
5779,16
5780,16
5781,16
5782,16
5783,16
5784,16
5785,16
5786,16
5787,16
5788,16
5789,16
5790,16
5791,16
5792,16
5793,16
5794,16
5795,16
5796,16
5797,16
5798,16
5799,16
5800,16
5801,16
5802,16
5803,16
5804,16
5805,16
5806,16
5807,16
5808,16
5809,16
5810,16
5811,16
5812,16
5813,16
5814,16
5815,16
5816,16
5817,16
5818,16
5819,16
5820,16
5821,16
5822,16
5823,16
5824,16
5825,64
5826,64
5827,64
5828,64
5829,64
5830,64
5831,64
5832,64
5833,64
5834,64
5835,64
5836,64
5837,64
5838,64
5839,64
5840,64
5841,64
5842,64
5843,64
5844,64
5845,64
5846,64
5847,64
5848,64
5849,64
5850,64
5851,64
5852,64
5853,64
5854,64
5855,64
5856,64
5857,64
5858,64
5859,64
5860,64
5861,64
5862,64
5863,64
5864,64
5865,64
5866,64
5867,64
5868,64
5869,64
5870,64
5871,64
5872,64
5873,64
5874,64
5875,64
5876,64
5877,64
5878,64
5879,64
5880,64
5881,64
5882,64
5883,64
5884,64
5885,64
5886,64
5887,64
5888,64
5889,10
5890,10
5891,10
5892,10
5893,10
5894,10
5895,10
5896,10
5897,10
5898,10
5899,10
5900,10
5901,10
5902,10
5903,10
5904,10
5905,10
5906,10
5907,10
5908,10
5909,10
5910,10
5911,10
5912,10
5913,10
5914,10
5915,10
5916,10
5917,10
5918,10
5919,10
5920,10
5921,10
5922,10
5923,10
5924,10
5925,10
5926,10
5927,10
5928,10
5929,10
5930,10
5931,10
5932,10
5933,10
5934,10
5935,10
5936,10
5937,10
5938,10
5939,10
5940,10
5941,10
5942,10
5943,10
5944,10
5945,10
5946,10
5947,10
5948,10
5949,10
5950,10
5951,10
5952,10
5953,114
5954,114
5955,114
5956,114
5957,114
5958,114
5959,114
5960,114
5961,114
5962,114
5963,114
5964,114
5965,114
5966,114
5967,114
5968,114
5969,114
5970,114
5971,114
5972,114
5973,114
5974,114
5975,114
5976,114
5977,114
5978,114
5979,114
5980,114
5981,114
5982,114
5983,114
5984,114
5985,114
5986,114
5987,114
5988,114
5989,114
5990,114
5991,114
5992,114
5993,114
5994,114
5995,114
5996,114
5997,114
5998,114
5999,114
6000,114
6001,114
6002,114
6003,114
6004,114
6005,114
6006,114
6007,114
6008,114
6009,114
6010,114
6011,114
6012,114
6013,114
6014,114
6015,114
6016,114
6017,54
6018,54
6019,54
6020,54
6021,54
6022,54
6023,54
6024,54
6025,54
6026,54
6027,54
6028,54
6029,54
6030,54
6031,54
6032,54
6033,54
6034,54
6035,54
6036,54
6037,54
6038,54
6039,54
6040,54
6041,54
6042,54
6043,54
6044,54
6045,54
6046,54
6047,54
6048,54
6049,54
6050,54
6051,54
6052,54
6053,54
6054,54
6055,54
6056,54
6057,54
6058,54
6059,54
6060,54
6061,54
6062,54
6063,54
6064,54
6065,54
6066,54
6067,54
6068,54
6069,54
6070,54
6071,54
6072,54
6073,54
6074,54
6075,54
6076,54
6077,54
6078,54
6079,54
6080,54
6081,54
6082,54
6083,54
6084,54
6085,54
6086,54
6087,54
6088,54
6089,54
6090,54
6091,54
6092,54
6093,54
6094,54
6095,54
6096,54
6097,54
6098,54
6099,54
6100,54
6101,54
6102,54
6103,54
6104,54
6105,54
6106,54
6107,54
6108,54
6109,54
6110,54
6111,54
6112,54
6113,54
6114,54
6115,54
6116,54
6117,54
6118,54
6119,54
6120,54
6121,54
6122,54
6123,54
6124,54
6125,54
6126,54
6127,54
6128,54
6129,54
6130,54
6131,54
6132,54
6133,54
6134,54
6135,54
6136,54
6137,54
6138,54
6139,54
6140,54
6141,54
6142,54
6143,54
6144,54
6145,40
6146,40
6147,40
6148,40
6149,40
6150,40
6151,40
6152,40
6153,40
6154,40
6155,40
6156,40
6157,40
6158,40
6159,40
6160,40
6161,40
6162,40
6163,40
6164,40
6165,40
6166,40
6167,40
6168,40
6169,40
6170,40
6171,40
6172,40
6173,40
6174,40
6175,40
6176,40
6177,40
6178,40
6179,40
6180,40
6181,40
6182,40
6183,40
6184,40
6185,40
6186,40
6187,40
6188,40
6189,40
6190,40
6191,40
6192,40
6193,40
6194,40
6195,40
6196,40
6197,40
6198,40
6199,40
6200,40
6201,40
6202,40
6203,40
6204,40
6205,40
6206,40
6207,40
6208,40
6209,122
6210,122
6211,122
6212,122
6213,122
6214,122
6215,122
6216,122
6217,122
6218,122
6219,122
6220,122
6221,122
6222,122
6223,122
6224,122
6225,122
6226,122
6227,122
6228,122
6229,122
6230,122
6231,122
6232,122
6233,122
6234,122
6235,122
6236,122
6237,122
6238,122
6239,122
6240,122
6241,122
6242,122
6243,122
6244,122
6245,122
6246,122
6247,122
6248,122
6249,122
6250,122
6251,122
6252,122
6253,122
6254,122
6255,122
6256,122
6257,122
6258,122
6259,122
6260,122
6261,122
6262,122
6263,122
6264,122
6265,122
6266,122
6267,122
6268,122
6269,122
6270,122
6271,122
6272,122
6273,82
6274,82
6275,82
6276,82
6277,82
6278,82
6279,82
6280,82
6281,82
6282,82
6283,82
6284,82
6285,82
6286,82
6287,82
6288,82
6289,82
6290,82
6291,82
6292,82
6293,82
6294,82
6295,82
6296,82
6297,82
6298,82
6299,82
6300,82
6301,82
6302,82
6303,82
6304,82
6305,82
6306,82
6307,82
6308,82
6309,82
6310,82
6311,82
6312,82
6313,82
6314,82
6315,82
6316,82
6317,82
6318,82
6319,82
6320,82
6321,82
6322,82
6323,82
6324,82
6325,82
6326,82
6327,82
6328,82
6329,82
6330,82
6331,82
6332,82
6333,82
6334,82
6335,82
6336,82
6337,74
6338,74
6339,74
6340,74
6341,74
6342,74
6343,74
6344,74
6345,74
6346,74
6347,74
6348,74
6349,74
6350,74
6351,74
6352,74
6353,74
6354,74
6355,74
6356,74
6357,74
6358,74
6359,74
6360,74
6361,74
6362,74
6363,74
6364,74
6365,74
6366,74
6367,74
6368,74
6369,74
6370,74
6371,74
6372,74
6373,74
6374,74
6375,74
6376,74
6377,74
6378,74
6379,74
6380,74
6381,74
6382,74
6383,74
6384,74
6385,74
6386,74
6387,74
6388,74
6389,74
6390,74
6391,74
6392,74
6393,74
6394,74
6395,74
6396,74
6397,74
6398,74
6399,74
6400,74
6401,4
6402,4
6403,4
6404,4
6405,4
6406,4
6407,4
6408,4
6409,4
6410,4
6411,4
6412,4
6413,4
6414,4
6415,4
6416,4
6417,4
6418,4
6419,4
6420,4
6421,4
6422,4
6423,4
6424,4
6425,4
6426,4
6427,4
6428,4
6429,4
6430,4
6431,4
6432,4
6433,4
6434,4
6435,4
6436,4
6437,4
6438,4
6439,4
6440,4
6441,4
6442,4
6443,4
6444,4
6445,4
6446,4
6447,4
6448,4
6449,4
6450,4
6451,4
6452,4
6453,4
6454,4
6455,4
6456,4
6457,4
6458,4
6459,4
6460,4
6461,4
6462,4
6463,4
6464,4
6465,56
6466,56
6467,56
6468,56
6469,56
6470,56
6471,56
6472,56
6473,56
6474,56
6475,56
6476,56
6477,56
6478,56
6479,56
6480,56
6481,56
6482,56
6483,56
6484,56
6485,56
6486,56
6487,56
6488,56
6489,56
6490,56
6491,56
6492,56
6493,56
6494,56
6495,56
6496,56
6497,56
6498,56
6499,56
6500,56
6501,56
6502,56
6503,56
6504,56
6505,56
6506,56
6507,56
6508,56
6509,56
6510,56
6511,56
6512,56
6513,56
6514,56
6515,56
6516,56
6517,56
6518,56
6519,56
6520,56
6521,56
6522,56
6523,56
6524,56
6525,56
6526,56
6527,56
6528,56
6529,104
6530,104
6531,104
6532,104
6533,104
6534,104
6535,104
6536,104
6537,104
6538,104
6539,104
6540,104
6541,104
6542,104
6543,104
6544,104
6545,104
6546,104
6547,104
6548,104
6549,104
6550,104
6551,104
6552,104
6553,104
6554,104
6555,104
6556,104
6557,104
6558,104
6559,104
6560,104
6561,104
6562,104
6563,104
6564,104
6565,104
6566,104
6567,104
6568,104
6569,104
6570,104
6571,104
6572,104
6573,104
6574,104
6575,104
6576,104
6577,104
6578,104
6579,104
6580,104
6581,104
6582,104
6583,104
6584,104
6585,104
6586,104
6587,104
6588,104
6589,104
6590,104
6591,104
6592,104
6593,66
6594,66
6595,66
6596,66
6597,66
6598,66
6599,66
6600,66
6601,66
6602,66
6603,66
6604,66
6605,66
6606,66
6607,66
6608,66
6609,66
6610,66
6611,66
6612,66
6613,66
6614,66
6615,66
6616,66
6617,66
6618,66
6619,66
6620,66
6621,66
6622,66
6623,66
6624,66
6625,66
6626,66
6627,66
6628,66
6629,66
6630,66
6631,66
6632,66
6633,66
6634,66
6635,66
6636,66
6637,66
6638,66
6639,66
6640,66
6641,66
6642,66
6643,66
6644,66
6645,66
6646,66
6647,66
6648,66
6649,66
6650,66
6651,66
6652,66
6653,66
6654,66
6655,66
6656,66
6657,8
6658,8
6659,8
6660,8
6661,8
6662,8
6663,8
6664,8
6665,8
6666,8
6667,8
6668,8
6669,8
6670,8
6671,8
6672,8
6673,8
6674,8
6675,8
6676,8
6677,8
6678,8
6679,8
6680,8
6681,8
6682,8
6683,8
6684,8
6685,8
6686,8
6687,8
6688,8
6689,8
6690,8
6691,8
6692,8
6693,8
6694,8
6695,8
6696,8
6697,8
6698,8
6699,8
6700,8
6701,8
6702,8
6703,8
6704,8
6705,8
6706,8
6707,8
6708,8
6709,8
6710,8
6711,8
6712,8
6713,8
6714,8
6715,8
6716,8
6717,8
6718,8
6719,8
6720,8
6721,38
6722,38
6723,38
6724,38
6725,38
6726,38
6727,38
6728,38
6729,38
6730,38
6731,38
6732,38
6733,38
6734,38
6735,38
6736,38
6737,38
6738,38
6739,38
6740,38
6741,38
6742,38
6743,38
6744,38
6745,38
6746,38
6747,38
6748,38
6749,38
6750,38
6751,38
6752,38
6753,38
6754,38
6755,38
6756,38
6757,38
6758,38
6759,38
6760,38
6761,38
6762,38
6763,38
6764,38
6765,38
6766,38
6767,38
6768,38
6769,38
6770,38
6771,38
6772,38
6773,38
6774,38
6775,38
6776,38
6777,38
6778,38
6779,38
6780,38
6781,38
6782,38
6783,38
6784,38
6785,86
6786,86
6787,86
6788,86
6789,86
6790,86
6791,86
6792,86
6793,86
6794,86
6795,86
6796,86
6797,86
6798,86
6799,86
6800,86
6801,86
6802,86
6803,86
6804,86
6805,86
6806,86
6807,86
6808,86
6809,86
6810,86
6811,86
6812,86
6813,86
6814,86
6815,86
6816,86
6817,86
6818,86
6819,86
6820,86
6821,86
6822,86
6823,86
6824,86
6825,86
6826,86
6827,86
6828,86
6829,86
6830,86
6831,86
6832,86
6833,86
6834,86
6835,86
6836,86
6837,86
6838,86
6839,86
6840,86
6841,86
6842,86
6843,86
6844,86
6845,86
6846,86
6847,86
6848,86
6849,64
6850,64
6851,64
6852,64
6853,64
6854,64
6855,64
6856,64
6857,64
6858,64
6859,64
6860,64
6861,64
6862,64
6863,64
6864,64
6865,64
6866,64
6867,64
6868,64
6869,64
6870,64
6871,64
6872,64
6873,64
6874,64
6875,64
6876,64
6877,64
6878,64
6879,64
6880,64
6881,64
6882,64
6883,64
6884,64
6885,64
6886,64
6887,64
6888,64
6889,64
6890,64
6891,64
6892,64
6893,64
6894,64
6895,64
6896,64
6897,64
6898,64
6899,64
6900,64
6901,64
6902,64
6903,64
6904,64
6905,64
6906,64
6907,64
6908,64
6909,64
6910,64
6911,64
6912,64
6913,74
6914,74
6915,74
6916,74
6917,74
6918,74
6919,74
6920,74
6921,74
6922,74
6923,74
6924,74
6925,74
6926,74
6927,74
6928,74
6929,74
6930,74
6931,74
6932,74
6933,74
6934,74
6935,74
6936,74
6937,74
6938,74
6939,74
6940,74
6941,74
6942,74
6943,74
6944,74
6945,74
6946,74
6947,74
6948,74
6949,74
6950,74
6951,74
6952,74
6953,74
6954,74
6955,74
6956,74
6957,74
6958,74
6959,74
6960,74
6961,74
6962,74
6963,74
6964,74
6965,74
6966,74
6967,74
6968,74
6969,74
6970,74
6971,74
6972,74
6973,74
6974,74
6975,74
6976,74
6977,50
6978,50
6979,50
6980,50
6981,50
6982,50
6983,50
6984,50
6985,50
6986,50
6987,50
6988,50
6989,50
6990,50
6991,50
6992,50
6993,50
6994,50
6995,50
6996,50
6997,50
6998,50
6999,50
7000,50
7001,50
7002,50
7003,50
7004,50
7005,50
7006,50
7007,50
7008,50
7009,50
7010,50
7011,50
7012,50
7013,50
7014,50
7015,50
7016,50
7017,50
7018,50
7019,50
7020,50
7021,50
7022,50
7023,50
7024,50
7025,50
7026,50
7027,50
7028,50
7029,50
7030,50
7031,50
7032,50
7033,50
7034,50
7035,50
7036,50
7037,50
7038,50
7039,50
7040,50
7041,96
7042,96
7043,96
7044,96
7045,96
7046,96
7047,96
7048,96
7049,96
7050,96
7051,96
7052,96
7053,96
7054,96
7055,96
7056,96
7057,96
7058,96
7059,96
7060,96
7061,96
7062,96
7063,96
7064,96
7065,96
7066,96
7067,96
7068,96
7069,96
7070,96
7071,96
7072,96
7073,96
7074,96
7075,96
7076,96
7077,96
7078,96
7079,96
7080,96
7081,96
7082,96
7083,96
7084,96
7085,96
7086,96
7087,96
7088,96
7089,96
7090,96
7091,96
7092,96
7093,96
7094,96
7095,96
7096,96
7097,96
7098,96
7099,96
7100,96
7101,96
7102,96
7103,96
7104,96
7105,24
7106,24
7107,24
7108,24
7109,24
7110,24
7111,24
7112,24
7113,24
7114,24
7115,24
7116,24
7117,24
7118,24
7119,24
7120,24
7121,24
7122,24
7123,24
7124,24
7125,24
7126,24
7127,24
7128,24
7129,24
7130,24
7131,24
7132,24
7133,24
7134,24
7135,24
7136,24
7137,24
7138,24
7139,24
7140,24
7141,24
7142,24
7143,24
7144,24
7145,24
7146,24
7147,24
7148,24
7149,24
7150,24
7151,24
7152,24
7153,24
7154,24
7155,24
7156,24
7157,24
7158,24
7159,24
7160,24
7161,24
7162,24
7163,24
7164,24
7165,24
7166,24
7167,24
7168,24
7169,68
7170,68
7171,68
7172,68
7173,68
7174,68
7175,68
7176,68
7177,68
7178,68
7179,68
7180,68
7181,68
7182,68
7183,68
7184,68
7185,68
7186,68
7187,68
7188,68
7189,68
7190,68
7191,68
7192,68
7193,68
7194,68
7195,68
7196,68
7197,68
7198,68
7199,68
7200,68
7201,68
7202,68
7203,68
7204,68
7205,68
7206,68
7207,68
7208,68
7209,68
7210,68
7211,68
7212,68
7213,68
7214,68
7215,68
7216,68
7217,68
7218,68
7219,68
7220,68
7221,68
7222,68
7223,68
7224,68
7225,68
7226,68
7227,68
7228,68
7229,68
7230,68
7231,68
7232,68
7233,46
7234,46
7235,46
7236,46
7237,46
7238,46
7239,46
7240,46
7241,46
7242,46
7243,46
7244,46
7245,46
7246,46
7247,46
7248,46
7249,46
7250,46
7251,46
7252,46
7253,46
7254,46
7255,46
7256,46
7257,46
7258,46
7259,46
7260,46
7261,46
7262,46
7263,46
7264,46
7265,46
7266,46
7267,46
7268,46
7269,46
7270,46
7271,46
7272,46
7273,46
7274,46
7275,46
7276,46
7277,46
7278,46
7279,46
7280,46
7281,46
7282,46
7283,46
7284,46
7285,46
7286,46
7287,46
7288,46
7289,46
7290,46
7291,46
7292,46
7293,46
7294,46
7295,46
7296,46
7297,122
7298,122
7299,122
7300,122
7301,122
7302,122
7303,122
7304,122
7305,122
7306,122
7307,122
7308,122
7309,122
7310,122
7311,122
7312,122
7313,122
7314,122
7315,122
7316,122
7317,122
7318,122
7319,122
7320,122
7321,122
7322,122
7323,122
7324,122
7325,122
7326,122
7327,122
7328,122
7329,122
7330,122
7331,122
7332,122
7333,122
7334,122
7335,122
7336,122
7337,122
7338,122
7339,122
7340,122
7341,122
7342,122
7343,122
7344,122
7345,122
7346,122
7347,122
7348,122
7349,122
7350,122
7351,122
7352,122
7353,122
7354,122
7355,122
7356,122
7357,122
7358,122
7359,122
7360,122
7361,68
7362,68
7363,68
7364,68
7365,68
7366,68
7367,68
7368,68
7369,68
7370,68
7371,68
7372,68
7373,68
7374,68
7375,68
7376,68
7377,68
7378,68
7379,68
7380,68
7381,68
7382,68
7383,68
7384,68
7385,68
7386,68
7387,68
7388,68
7389,68
7390,68
7391,68
7392,68
7393,68
7394,68
7395,68
7396,68
7397,68
7398,68
7399,68
7400,68
7401,68
7402,68
7403,68
7404,68
7405,68
7406,68
7407,68
7408,68
7409,68
7410,68
7411,68
7412,68
7413,68
7414,68
7415,68
7416,68
7417,68
7418,68
7419,68
7420,68
7421,68
7422,68
7423,68
7424,68
7425,100
7426,100
7427,100
7428,100
7429,100
7430,100
7431,100
7432,100
7433,100
7434,100
7435,100
7436,100
7437,100
7438,100
7439,100
7440,100
7441,100
7442,100
7443,100
7444,100
7445,100
7446,100
7447,100
7448,100
7449,100
7450,100
7451,100
7452,100
7453,100
7454,100
7455,100
7456,100
7457,100
7458,100
7459,100
7460,100
7461,100
7462,100
7463,100
7464,100
7465,100
7466,100
7467,100
7468,100
7469,100
7470,100
7471,100
7472,100
7473,100
7474,100
7475,100
7476,100
7477,100
7478,100
7479,100
7480,100
7481,100
7482,100
7483,100
7484,100
7485,100
7486,100
7487,100
7488,100
7489,2
7490,2
7491,2
7492,2
7493,2
7494,2
7495,2
7496,2
7497,2
7498,2
7499,2
7500,2
7501,2
7502,2
7503,2
7504,2
7505,2
7506,2
7507,2
7508,2
7509,2
7510,2
7511,2
7512,2
7513,2
7514,2
7515,2
7516,2
7517,2
7518,2
7519,2
7520,2
7521,2
7522,2
7523,2
7524,2
7525,2
7526,2
7527,2
7528,2
7529,2
7530,2
7531,2
7532,2
7533,2
7534,2
7535,2
7536,2
7537,2
7538,2
7539,2
7540,2
7541,2
7542,2
7543,2
7544,2
7545,2
7546,2
7547,2
7548,2
7549,2
7550,2
7551,2
7552,2
7553,50
7554,50
7555,50
7556,50
7557,50
7558,50
7559,50
7560,50
7561,50
7562,50
7563,50
7564,50
7565,50
7566,50
7567,50
7568,50
7569,50
7570,50
7571,50
7572,50
7573,50
7574,50
7575,50
7576,50
7577,50
7578,50
7579,50
7580,50
7581,50
7582,50
7583,50
7584,50
7585,50
7586,50
7587,50
7588,50
7589,50
7590,50
7591,50
7592,50
7593,50
7594,50
7595,50
7596,50
7597,50
7598,50
7599,50
7600,50
7601,50
7602,50
7603,50
7604,50
7605,50
7606,50
7607,50
7608,50
7609,50
7610,50
7611,50
7612,50
7613,50
7614,50
7615,50
7616,50
7617,122
7618,122
7619,122
7620,122
7621,122
7622,122
7623,122
7624,122
7625,122
7626,122
7627,122
7628,122
7629,122
7630,122
7631,122
7632,122
7633,122
7634,122
7635,122
7636,122
7637,122
7638,122
7639,122
7640,122
7641,122
7642,122
7643,122
7644,122
7645,122
7646,122
7647,122
7648,122
7649,122
7650,122
7651,122
7652,122
7653,122
7654,122
7655,122
7656,122
7657,122
7658,122
7659,122
7660,122
7661,122
7662,122
7663,122
7664,122
7665,122
7666,122
7667,122
7668,122
7669,122
7670,122
7671,122
7672,122
7673,122
7674,122
7675,122
7676,122
7677,122
7678,122
7679,122
7680,122
7681,116
7682,116
7683,116
7684,116
7685,116
7686,116
7687,116
7688,116
7689,116
7690,116
7691,116
7692,116
7693,116
7694,116
7695,116
7696,116
7697,116
7698,116
7699,116
7700,116
7701,116
7702,116
7703,116
7704,116
7705,116
7706,116
7707,116
7708,116
7709,116
7710,116
7711,116
7712,116
7713,116
7714,116
7715,116
7716,116
7717,116
7718,116
7719,116
7720,116
7721,116
7722,116
7723,116
7724,116
7725,116
7726,116
7727,116
7728,116
7729,116
7730,116
7731,116
7732,116
7733,116
7734,116
7735,116
7736,116
7737,116
7738,116
7739,116
7740,116
7741,116
7742,116
7743,116
7744,116
7745,46
7746,46
7747,46
7748,46
7749,46
7750,46
7751,46
7752,46
7753,46
7754,46
7755,46
7756,46
7757,46
7758,46
7759,46
7760,46
7761,46
7762,46
7763,46
7764,46
7765,46
7766,46
7767,46
7768,46
7769,46
7770,46
7771,46
7772,46
7773,46
7774,46
7775,46
7776,46
7777,46
7778,46
7779,46
7780,46
7781,46
7782,46
7783,46
7784,46
7785,46
7786,46
7787,46
7788,46
7789,46
7790,46
7791,46
7792,46
7793,46
7794,46
7795,46
7796,46
7797,46
7798,46
7799,46
7800,46
7801,46
7802,46
7803,46
7804,46
7805,46
7806,46
7807,46
7808,46
7809,20
7810,20
7811,20
7812,20
7813,20
7814,20
7815,20
7816,20
7817,20
7818,20
7819,20
7820,20
7821,20
7822,20
7823,20
7824,20
7825,20
7826,20
7827,20
7828,20
7829,20
7830,20
7831,20
7832,20
7833,20
7834,20
7835,20
7836,20
7837,20
7838,20
7839,20
7840,20
7841,20
7842,20
7843,20
7844,20
7845,20
7846,20
7847,20
7848,20
7849,20
7850,20
7851,20
7852,20
7853,20
7854,20
7855,20
7856,20
7857,20
7858,20
7859,20
7860,20
7861,20
7862,20
7863,20
7864,20
7865,20
7866,20
7867,20
7868,20
7869,20
7870,20
7871,20
7872,20
7873,10
7874,10
7875,10
7876,10
7877,10
7878,10
7879,10
7880,10
7881,10
7882,10
7883,10
7884,10
7885,10
7886,10
7887,10
7888,10
7889,10
7890,10
7891,10
7892,10
7893,10
7894,10
7895,10
7896,10
7897,10
7898,10
7899,10
7900,10
7901,10
7902,10
7903,10
7904,10
7905,10
7906,10
7907,10
7908,10
7909,10
7910,10
7911,10
7912,10
7913,10
7914,10
7915,10
7916,10
7917,10
7918,10
7919,10
7920,10
7921,10
7922,10
7923,10
7924,10
7925,10
7926,10
7927,10
7928,10
7929,10
7930,10
7931,10
7932,10
7933,10
7934,10
7935,10
7936,10
7937,108
7938,108
7939,108
7940,108
7941,108
7942,108
7943,108
7944,108
7945,108
7946,108
7947,108
7948,108
7949,108
7950,108
7951,108
7952,108
7953,108
7954,108
7955,108
7956,108
7957,108
7958,108
7959,108
7960,108
7961,108
7962,108
7963,108
7964,108
7965,108
7966,108
7967,108
7968,108
7969,108
7970,108
7971,108
7972,108
7973,108
7974,108
7975,108
7976,108
7977,108
7978,108
7979,108
7980,108
7981,108
7982,108
7983,108
7984,108
7985,108
7986,108
7987,108
7988,108
7989,108
7990,108
7991,108
7992,108
7993,108
7994,108
7995,108
7996,108
7997,108
7998,108
7999,108
8000,108
8001,78
8002,78
8003,78
8004,78
8005,78
8006,78
8007,78
8008,78
8009,78
8010,78
8011,78
8012,78
8013,78
8014,78
8015,78
8016,78
8017,78
8018,78
8019,78
8020,78
8021,78
8022,78
8023,78
8024,78
8025,78
8026,78
8027,78
8028,78
8029,78
8030,78
8031,78
8032,78
8033,78
8034,78
8035,78
8036,78
8037,78
8038,78
8039,78
8040,78
8041,78
8042,78
8043,78
8044,78
8045,78
8046,78
8047,78
8048,78
8049,78
8050,78
8051,78
8052,78
8053,78
8054,78
8055,78
8056,78
8057,78
8058,78
8059,78
8060,78
8061,78
8062,78
8063,78
8064,78
8065,46
8066,46
8067,46
8068,46
8069,46
8070,46
8071,46
8072,46
8073,46
8074,46
8075,46
8076,46
8077,46
8078,46
8079,46
8080,46
8081,46
8082,46
8083,46
8084,46
8085,46
8086,46
8087,46
8088,46
8089,46
8090,46
8091,46
8092,46
8093,46
8094,46
8095,46
8096,46
8097,46
8098,46
8099,46
8100,46
8101,46
8102,46
8103,46
8104,46
8105,46
8106,46
8107,46
8108,46
8109,46
8110,46
8111,46
8112,46
8113,46
8114,46
8115,46
8116,46
8117,46
8118,46
8119,46
8120,46
8121,46
8122,46
8123,46
8124,46
8125,46
8126,46
8127,46
8128,46
8129,124
8130,124
8131,124
8132,124
8133,124
8134,124
8135,124
8136,124
8137,124
8138,124
8139,124
8140,124
8141,124
8142,124
8143,124
8144,124
8145,124
8146,124
8147,124
8148,124
8149,124
8150,124
8151,124
8152,124
8153,124
8154,124
8155,124
8156,124
8157,124
8158,124
8159,124
8160,124
8161,124
8162,124
8163,124
8164,124
8165,124
8166,124
8167,124
8168,124
8169,124
8170,124
8171,124
8172,124
8173,124
8174,124
8175,124
8176,124
8177,124
8178,124
8179,124
8180,124
8181,124
8182,124
8183,124
8184,124
8185,124
8186,124
8187,124
8188,124
8189,124
8190,124
8191,124
8192,124
8193,32
8194,32
8195,32
8196,32
8197,32
8198,32
8199,32
8200,32
8201,32
8202,32
8203,32
8204,32
8205,32
8206,32
8207,32
8208,32
8209,32
8210,32
8211,32
8212,32
8213,32
8214,32
8215,32
8216,32
8217,32
8218,32
8219,32
8220,32
8221,32
8222,32
8223,32
8224,32
8225,32
8226,32
8227,32
8228,32
8229,32
8230,32
8231,32
8232,32
8233,32
8234,32
8235,32
8236,32
8237,32
8238,32
8239,32
8240,32
8241,32
8242,32
8243,32
8244,32
8245,32
8246,32
8247,32
8248,32
8249,32
8250,32
8251,32
8252,32
8253,32
8254,32
8255,32
8256,32
8257,6
8258,6
8259,6
8260,6
8261,6
8262,6
8263,6
8264,6
8265,6
8266,6
8267,6
8268,6
8269,6
8270,6
8271,6
8272,6
8273,6
8274,6
8275,6
8276,6
8277,6
8278,6
8279,6
8280,6
8281,6
8282,6
8283,6
8284,6
8285,6
8286,6
8287,6
8288,6
8289,6
8290,6
8291,6
8292,6
8293,6
8294,6
8295,6
8296,6
8297,6
8298,6
8299,6
8300,6
8301,6
8302,6
8303,6
8304,6
8305,6
8306,6
8307,6
8308,6
8309,6
8310,6
8311,6
8312,6
8313,6
8314,6
8315,6
8316,6
8317,6
8318,6
8319,6
8320,6
8321,16
8322,16
8323,16
8324,16
8325,16
8326,16
8327,16
8328,16
8329,16
8330,16
8331,16
8332,16
8333,16
8334,16
8335,16
8336,16
8337,16
8338,16
8339,16
8340,16
8341,16
8342,16
8343,16
8344,16
8345,16
8346,16
8347,16
8348,16
8349,16
8350,16
8351,16
8352,16
8353,16
8354,16
8355,16
8356,16
8357,16
8358,16
8359,16
8360,16
8361,16
8362,16
8363,16
8364,16
8365,16
8366,16
8367,16
8368,16
8369,16
8370,16
8371,16
8372,16
8373,16
8374,16
8375,16
8376,16
8377,16
8378,16
8379,16
8380,16
8381,16
8382,16
8383,16
8384,16
8385,52
8386,52
8387,52
8388,52
8389,52
8390,52
8391,52
8392,52
8393,52
8394,52
8395,52
8396,52
8397,52
8398,52
8399,52
8400,52
8401,52
8402,52
8403,52
8404,52
8405,52
8406,52
8407,52
8408,52
8409,52
8410,52
8411,52
8412,52
8413,52
8414,52
8415,52
8416,52
8417,52
8418,52
8419,52
8420,52
8421,52
8422,52
8423,52
8424,52
8425,52
8426,52
8427,52
8428,52
8429,52
8430,52
8431,52
8432,52
8433,52
8434,52
8435,52
8436,52
8437,52
8438,52
8439,52
8440,52
8441,52
8442,52
8443,52
8444,52
8445,52
8446,52
8447,52
8448,52
8449,50
8450,50
8451,50
8452,50
8453,50
8454,50
8455,50
8456,50
8457,50
8458,50
8459,50
8460,50
8461,50
8462,50
8463,50
8464,50
8465,50
8466,50
8467,50
8468,50
8469,50
8470,50
8471,50
8472,50
8473,50
8474,50
8475,50
8476,50
8477,50
8478,50
8479,50
8480,50
8481,50
8482,50
8483,50
8484,50
8485,50
8486,50
8487,50
8488,50
8489,50
8490,50
8491,50
8492,50
8493,50
8494,50
8495,50
8496,50
8497,50
8498,50
8499,50
8500,50
8501,50
8502,50
8503,50
8504,50
8505,50
8506,50
8507,50
8508,50
8509,50
8510,50
8511,50
8512,50
8513,100
8514,100
8515,100
8516,100
8517,100
8518,100
8519,100
8520,100
8521,100
8522,100
8523,100
8524,100
8525,100
8526,100
8527,100
8528,100
8529,100
8530,100
8531,100
8532,100
8533,100
8534,100
8535,100
8536,100
8537,100
8538,100
8539,100
8540,100
8541,100
8542,100
8543,100
8544,100
8545,100
8546,100
8547,100
8548,100
8549,100
8550,100
8551,100
8552,100
8553,100
8554,100
8555,100
8556,100
8557,100
8558,100
8559,100
8560,100
8561,100
8562,100
8563,100
8564,100
8565,100
8566,100
8567,100
8568,100
8569,100
8570,100
8571,100
8572,100
8573,100
8574,100
8575,100
8576,100
8577,48
8578,48
8579,48
8580,48
8581,48
8582,48
8583,48
8584,48
8585,48
8586,48
8587,48
8588,48
8589,48
8590,48
8591,48
8592,48
8593,48
8594,48
8595,48
8596,48
8597,48
8598,48
8599,48
8600,48
8601,48
8602,48
8603,48
8604,48
8605,48
8606,48
8607,48
8608,48
8609,48
8610,48
8611,48
8612,48
8613,48
8614,48
8615,48
8616,48
8617,48
8618,48
8619,48
8620,48
8621,48
8622,48
8623,48
8624,48
8625,48
8626,48
8627,48
8628,48
8629,48
8630,48
8631,48
8632,48
8633,48
8634,48
8635,48
8636,48
8637,48
8638,48
8639,48
8640,48
8641,126
8642,126
8643,126
8644,126
8645,126
8646,126
8647,126
8648,126
8649,126
8650,126
8651,126
8652,126
8653,126
8654,126
8655,126
8656,126
8657,126
8658,126
8659,126
8660,126
8661,126
8662,126
8663,126
8664,126
8665,126
8666,126
8667,126
8668,126
8669,126
8670,126
8671,126
8672,126
8673,126
8674,126
8675,126
8676,126
8677,126
8678,126
8679,126
8680,126
8681,126
8682,126
8683,126
8684,126
8685,126
8686,126
8687,126
8688,126
8689,126
8690,126
8691,126
8692,126
8693,126
8694,126
8695,126
8696,126
8697,126
8698,126
8699,126
8700,126
8701,126
8702,126
8703,126
8704,126
8705,34
8706,34
8707,34
8708,34
8709,34
8710,34
8711,34
8712,34
8713,34
8714,34
8715,34
8716,34
8717,34
8718,34
8719,34
8720,34
8721,34
8722,34
8723,34
8724,34
8725,34
8726,34
8727,34
8728,34
8729,34
8730,34
8731,34
8732,34
8733,34
8734,34
8735,34
8736,34
8737,34
8738,34
8739,34
8740,34
8741,34
8742,34
8743,34
8744,34
8745,34
8746,34
8747,34
8748,34
8749,34
8750,34
8751,34
8752,34
8753,34
8754,34
8755,34
8756,34
8757,34
8758,34
8759,34
8760,34
8761,34
8762,34
8763,34
8764,34
8765,34
8766,34
8767,34
8768,34
8769,60
8770,60
8771,60
8772,60
8773,60
8774,60
8775,60
8776,60
8777,60
8778,60
8779,60
8780,60
8781,60
8782,60
8783,60
8784,60
8785,60
8786,60
8787,60
8788,60
8789,60
8790,60
8791,60
8792,60
8793,60
8794,60
8795,60
8796,60
8797,60
8798,60
8799,60
8800,60
8801,60
8802,60
8803,60
8804,60
8805,60
8806,60
8807,60
8808,60
8809,60
8810,60
8811,60
8812,60
8813,60
8814,60
8815,60
8816,60
8817,60
8818,60
8819,60
8820,60
8821,60
8822,60
8823,60
8824,60
8825,60
8826,60
8827,60
8828,60
8829,60
8830,60
8831,60
8832,60
8833,102
8834,102
8835,102
8836,102
8837,102
8838,102
8839,102
8840,102
8841,102
8842,102
8843,102
8844,102
8845,102
8846,102
8847,102
8848,102
8849,102
8850,102
8851,102
8852,102
8853,102
8854,102
8855,102
8856,102
8857,102
8858,102
8859,102
8860,102
8861,102
8862,102
8863,102
8864,102
8865,102
8866,102
8867,102
8868,102
8869,102
8870,102
8871,102
8872,102
8873,102
8874,102
8875,102
8876,102
8877,102
8878,102
8879,102
8880,102
8881,102
8882,102
8883,102
8884,102
8885,102
8886,102
8887,102
8888,102
8889,102
8890,102
8891,102
8892,102
8893,102
8894,102
8895,102
8896,102
8897,24
8898,24
8899,24
8900,24
8901,24
8902,24
8903,24
8904,24
8905,24
8906,24
8907,24
8908,24
8909,24
8910,24
8911,24
8912,24
8913,24
8914,24
8915,24
8916,24
8917,24
8918,24
8919,24
8920,24
8921,24
8922,24
8923,24
8924,24
8925,24
8926,24
8927,24
8928,24
8929,24
8930,24
8931,24
8932,24
8933,24
8934,24
8935,24
8936,24
8937,24
8938,24
8939,24
8940,24
8941,24
8942,24
8943,24
8944,24
8945,24
8946,24
8947,24
8948,24
8949,24
8950,24
8951,24
8952,24
8953,24
8954,24
8955,24
8956,24
8957,24
8958,24
8959,24
8960,24
8961,10
8962,10
8963,10
8964,10
8965,10
8966,10
8967,10
8968,10
8969,10
8970,10
8971,10
8972,10
8973,10
8974,10
8975,10
8976,10
8977,10
8978,10
8979,10
8980,10
8981,10
8982,10
8983,10
8984,10
8985,10
8986,10
8987,10
8988,10
8989,10
8990,10
8991,10
8992,10
8993,10
8994,10
8995,10
8996,10
8997,10
8998,10
8999,10
9000,10
9001,10
9002,10
9003,10
9004,10
9005,10
9006,10
9007,10
9008,10
9009,10
9010,10
9011,10
9012,10
9013,10
9014,10
9015,10
9016,10
9017,10
9018,10
9019,10
9020,10
9021,10
9022,10
9023,10
9024,10
9025,10
9026,10
9027,10
9028,10
9029,10
9030,10
9031,10
9032,10
9033,10
9034,10
9035,10
9036,10
9037,10
9038,10
9039,10
9040,10
9041,10
9042,10
9043,10
9044,10
9045,10
9046,10
9047,10
9048,10
9049,10
9050,10
9051,10
9052,10
9053,10
9054,10
9055,10
9056,10
9057,10
9058,10
9059,10
9060,10
9061,10
9062,10
9063,10
9064,10
9065,10
9066,10
9067,10
9068,10
9069,10
9070,10
9071,10
9072,10
9073,10
9074,10
9075,10
9076,10
9077,10
9078,10
9079,10
9080,10
9081,10
9082,10
9083,10
9084,10
9085,10
9086,10
9087,10
9088,10
9089,44
9090,44
9091,44
9092,44
9093,44
9094,44
9095,44
9096,44
9097,44
9098,44
9099,44
9100,44
9101,44
9102,44
9103,44
9104,44
9105,44
9106,44
9107,44
9108,44
9109,44
9110,44
9111,44
9112,44
9113,44
9114,44
9115,44
9116,44
9117,44
9118,44
9119,44
9120,44
9121,44
9122,44
9123,44
9124,44
9125,44
9126,44
9127,44
9128,44
9129,44
9130,44
9131,44
9132,44
9133,44
9134,44
9135,44
9136,44
9137,44
9138,44
9139,44
9140,44
9141,44
9142,44
9143,44
9144,44
9145,44
9146,44
9147,44
9148,44
9149,44
9150,44
9151,44
9152,44
9153,10
9154,10
9155,10
9156,10
9157,10
9158,10
9159,10
9160,10
9161,10
9162,10
9163,10
9164,10
9165,10
9166,10
9167,10
9168,10
9169,10
9170,10
9171,10
9172,10
9173,10
9174,10
9175,10
9176,10
9177,10
9178,10
9179,10
9180,10
9181,10
9182,10
9183,10
9184,10
9185,10
9186,10
9187,10
9188,10
9189,10
9190,10
9191,10
9192,10
9193,10
9194,10
9195,10
9196,10
9197,10
9198,10
9199,10
9200,10
9201,10
9202,10
9203,10
9204,10
9205,10
9206,10
9207,10
9208,10
9209,10
9210,10
9211,10
9212,10
9213,10
9214,10
9215,10
9216,10
9217,18
9218,18
9219,18
9220,18
9221,18
9222,18
9223,18
9224,18
9225,18
9226,18
9227,18
9228,18
9229,18
9230,18
9231,18
9232,18
9233,18
9234,18
9235,18
9236,18
9237,18
9238,18
9239,18
9240,18
9241,18
9242,18
9243,18
9244,18
9245,18
9246,18
9247,18
9248,18
9249,18
9250,18
9251,18
9252,18
9253,18
9254,18
9255,18
9256,18
9257,18
9258,18
9259,18
9260,18
9261,18
9262,18
9263,18
9264,18
9265,18
9266,18
9267,18
9268,18
9269,18
9270,18
9271,18
9272,18
9273,18
9274,18
9275,18
9276,18
9277,18
9278,18
9279,18
9280,18
9281,12
9282,12
9283,12
9284,12
9285,12
9286,12
9287,12
9288,12
9289,12
9290,12
9291,12
9292,12
9293,12
9294,12
9295,12
9296,12
9297,12
9298,12
9299,12
9300,12
9301,12
9302,12
9303,12
9304,12
9305,12
9306,12
9307,12
9308,12
9309,12
9310,12
9311,12
9312,12
9313,12
9314,12
9315,12
9316,12
9317,12
9318,12
9319,12
9320,12
9321,12
9322,12
9323,12
9324,12
9325,12
9326,12
9327,12
9328,12
9329,12
9330,12
9331,12
9332,12
9333,12
9334,12
9335,12
9336,12
9337,12
9338,12
9339,12
9340,12
9341,12
9342,12
9343,12
9344,12
9345,8
9346,8
9347,8
9348,8
9349,8
9350,8
9351,8
9352,8
9353,8
9354,8
9355,8
9356,8
9357,8
9358,8
9359,8
9360,8
9361,8
9362,8
9363,8
9364,8
9365,8
9366,8
9367,8
9368,8
9369,8
9370,8
9371,8
9372,8
9373,8
9374,8
9375,8
9376,8
9377,8
9378,8
9379,8
9380,8
9381,8
9382,8
9383,8
9384,8
9385,8
9386,8
9387,8
9388,8
9389,8
9390,8
9391,8
9392,8
9393,8
9394,8
9395,8
9396,8
9397,8
9398,8
9399,8
9400,8
9401,8
9402,8
9403,8
9404,8
9405,8
9406,8
9407,8
9408,8
9409,34
9410,34
9411,34
9412,34
9413,34
9414,34
9415,34
9416,34
9417,34
9418,34
9419,34
9420,34
9421,34
9422,34
9423,34
9424,34
9425,34
9426,34
9427,34
9428,34
9429,34
9430,34
9431,34
9432,34
9433,34
9434,34
9435,34
9436,34
9437,34
9438,34
9439,34
9440,34
9441,34
9442,34
9443,34
9444,34
9445,34
9446,34
9447,34
9448,34
9449,34
9450,34
9451,34
9452,34
9453,34
9454,34
9455,34
9456,34
9457,34
9458,34
9459,34
9460,34
9461,34
9462,34
9463,34
9464,34
9465,34
9466,34
9467,34
9468,34
9469,34
9470,34
9471,34
9472,34
9473,112
9474,112
9475,112
9476,112
9477,112
9478,112
9479,112
9480,112
9481,112
9482,112
9483,112
9484,112
9485,112
9486,112
9487,112
9488,112
9489,112
9490,112
9491,112
9492,112
9493,112
9494,112
9495,112
9496,112
9497,112
9498,112
9499,112
9500,112
9501,112
9502,112
9503,112
9504,112
9505,112
9506,112
9507,112
9508,112
9509,112
9510,112
9511,112
9512,112
9513,112
9514,112
9515,112
9516,112
9517,112
9518,112
9519,112
9520,112
9521,112
9522,112
9523,112
9524,112
9525,112
9526,112
9527,112
9528,112
9529,112
9530,112
9531,112
9532,112
9533,112
9534,112
9535,112
9536,112
9537,78
9538,78
9539,78
9540,78
9541,78
9542,78
9543,78
9544,78
9545,78
9546,78
9547,78
9548,78
9549,78
9550,78
9551,78
9552,78
9553,78
9554,78
9555,78
9556,78
9557,78
9558,78
9559,78
9560,78
9561,78
9562,78
9563,78
9564,78
9565,78
9566,78
9567,78
9568,78
9569,78
9570,78
9571,78
9572,78
9573,78
9574,78
9575,78
9576,78
9577,78
9578,78
9579,78
9580,78
9581,78
9582,78
9583,78
9584,78
9585,78
9586,78
9587,78
9588,78
9589,78
9590,78
9591,78
9592,78
9593,78
9594,78
9595,78
9596,78
9597,78
9598,78
9599,78
9600,78
9601,90
9602,90
9603,90
9604,90
9605,90
9606,90
9607,90
9608,90
9609,90
9610,90
9611,90
9612,90
9613,90
9614,90
9615,90
9616,90
9617,90
9618,90
9619,90
9620,90
9621,90
9622,90
9623,90
9624,90
9625,90
9626,90
9627,90
9628,90
9629,90
9630,90
9631,90
9632,90
9633,90
9634,90
9635,90
9636,90
9637,90
9638,90
9639,90
9640,90
9641,90
9642,90
9643,90
9644,90
9645,90
9646,90
9647,90
9648,90
9649,90
9650,90
9651,90
9652,90
9653,90
9654,90
9655,90
9656,90
9657,90
9658,90
9659,90
9660,90
9661,90
9662,90
9663,90
9664,90
9665,28
9666,28
9667,28
9668,28
9669,28
9670,28
9671,28
9672,28
9673,28
9674,28
9675,28
9676,28
9677,28
9678,28
9679,28
9680,28
9681,28
9682,28
9683,28
9684,28
9685,28
9686,28
9687,28
9688,28
9689,28
9690,28
9691,28
9692,28
9693,28
9694,28
9695,28
9696,28
9697,28
9698,28
9699,28
9700,28
9701,28
9702,28
9703,28
9704,28
9705,28
9706,28
9707,28
9708,28
9709,28
9710,28
9711,28
9712,28
9713,28
9714,28
9715,28
9716,28
9717,28
9718,28
9719,28
9720,28
9721,28
9722,28
9723,28
9724,28
9725,28
9726,28
9727,28
9728,28
9729,76
9730,76
9731,76
9732,76
9733,76
9734,76
9735,76
9736,76
9737,76
9738,76
9739,76
9740,76
9741,76
9742,76
9743,76
9744,76
9745,76
9746,76
9747,76
9748,76
9749,76
9750,76
9751,76
9752,76
9753,76
9754,76
9755,76
9756,76
9757,76
9758,76
9759,76
9760,76
9761,76
9762,76
9763,76
9764,76
9765,76
9766,76
9767,76
9768,76
9769,76
9770,76
9771,76
9772,76
9773,76
9774,76
9775,76
9776,76
9777,76
9778,76
9779,76
9780,76
9781,76
9782,76
9783,76
9784,76
9785,76
9786,76
9787,76
9788,76
9789,76
9790,76
9791,76
9792,76
9793,100
9794,100
9795,100
9796,100
9797,100
9798,100
9799,100
9800,100
9801,100
9802,100
9803,100
9804,100
9805,100
9806,100
9807,100
9808,100
9809,100
9810,100
9811,100
9812,100
9813,100
9814,100
9815,100
9816,100
9817,100
9818,100
9819,100
9820,100
9821,100
9822,100
9823,100
9824,100
9825,100
9826,100
9827,100
9828,100
9829,100
9830,100
9831,100
9832,100
9833,100
9834,100
9835,100
9836,100
9837,100
9838,100
9839,100
9840,100
9841,100
9842,100
9843,100
9844,100
9845,100
9846,100
9847,100
9848,100
9849,100
9850,100
9851,100
9852,100
9853,100
9854,100
9855,100
9856,100
9857,18
9858,18
9859,18
9860,18
9861,18
9862,18
9863,18
9864,18
9865,18
9866,18
9867,18
9868,18
9869,18
9870,18
9871,18
9872,18
9873,18
9874,18
9875,18
9876,18
9877,18
9878,18
9879,18
9880,18
9881,18
9882,18
9883,18
9884,18
9885,18
9886,18
9887,18
9888,18
9889,18
9890,18
9891,18
9892,18
9893,18
9894,18
9895,18
9896,18
9897,18
9898,18
9899,18
9900,18
9901,18
9902,18
9903,18
9904,18
9905,18
9906,18
9907,18
9908,18
9909,18
9910,18
9911,18
9912,18
9913,18
9914,18
9915,18
9916,18
9917,18
9918,18
9919,18
9920,18
9921,54
9922,54
9923,54
9924,54
9925,54
9926,54
9927,54
9928,54
9929,54
9930,54
9931,54
9932,54
9933,54
9934,54
9935,54
9936,54
9937,54
9938,54
9939,54
9940,54
9941,54
9942,54
9943,54
9944,54
9945,54
9946,54
9947,54
9948,54
9949,54
9950,54
9951,54
9952,54
9953,54
9954,54
9955,54
9956,54
9957,54
9958,54
9959,54
9960,54
9961,54
9962,54
9963,54
9964,54
9965,54
9966,54
9967,54
9968,54
9969,54
9970,54
9971,54
9972,54
9973,54
9974,54
9975,54
9976,54
9977,54
9978,54
9979,54
9980,54
9981,54
9982,54
9983,54
9984,54
9985,30
9986,30
9987,30
9988,30
9989,30
9990,30
9991,30
9992,30
9993,30
9994,30
9995,30
9996,30
9997,30
9998,30
9999,30
10000,30
